,amount,mc_weeks_signup,mc_atm_br_tx_out_count_lifetime,mc_credit_transfer_out_br_sum_last_30d,mc_billpay_br_sum_last_15d,mc_billpay_br_count_last_1y,mc_credit_transfer_out_br_sum_last_1y,mc_pur_br_count_last_1y,mc_billpay_br_count_last_15d,mc_atm_br_tx_out_count_last_1y,mc_sanction_count_last_2d,mc_credit_transfer_in_rounded_amounts_br_sum_last_30d,mc_pur_br_sum_last_15d,mc_credit_transfer_in_br_sum_last_180d,mc_credit_transfer_out_br_count_lifetime,mc_credit_transfer_out_br_count_sanction_last_30d,mc_credit_transfer_out_br_count_last_15d,mc_pur_br_count_last_15d,mc_credit_transfer_in_br_sum_last_120d,mc_pur_br_count_lifetime,mc_credit_transfer_in_br_count_last_30d,mc_credit_transfer_in_br_sum_last_90d,mc_credit_transfer_out_br_count_last_1y,mc_billpay_br_sum_last_1y,mc_credit_transfer_out_rounded_amounts_br_sum_last_30d,mc_credit_transfer_out_br_sum_last_15d,mc_credit_transfer_in_br_count_sanction_last_30d,mc_credit_transfer_in_br_sum_last_15d,mc_billpay_br_count_lifetime,mc_atm_br_tx_out_count_last_15d,mc_credit_transfer_out_rounded_amounts_br_count_last_30d,mc_credit_transfer_in_br_sum_last_60d,mc_pur_br_sum_last_1y,mc_chip_tx_succ_count_30d,mc_chip_tx_decl_ext_count_7d,mc_chip_tx_amount_local_decl_ext_sum_15d,mc_chip_tx_amount_succ_sum_7d,mc_chip_tx_amount_local_succ_sum_15d,mc_chip_tx_amount_decl_ext_sum_30d,mc_chip_tx_amount_succ_sum_30d,mc_chip_tx_succ_count_7d,decline_ext_rate_30d,mc_tx_cp_mean_decl_ext_last_31d_mw,mc_tx_amount_sum_last_60m,mc_tx_amount_decl_ext_sum_lifetime,mc_tx_amount_succ_sum_last_30d,mc_tx_succ_count_last_24h,mc_tx_amount_succ_sum_last_14d,mc_tx_amount_fail_sum_last_60m,mc_tx_amount_succ_sum_last_60m,mc_tx_amount_succ_sum_last_2d,mc_tx_amount_succ_sum_last_90d,mc_tx_amount_fail_sum_last_14d,mc_tx_amount_succ_sum_lifetime,mc_tx_amount_pend_sum_last_2d,mc_tx_amount_decl_int_sum_lifetime,mc_tx_amount_sum_last_24h,mc_tx_amount_sum_lifetime,mc_tx_succ_count_last_14d,mc_tx_succ_count_lifetime,mc_tx_amount_succ_sum_last_24h,mc_tx_amount_decl_ext_sum_last_14d,mc_tx_amount_decl_ext_sum_last_24h,mc_tx_amount_decl_ext_sum_last_60m,mc_tx_succ_count_last_2d,mc_tx_amount_fail_sum_lifetime,mc_tx_succ_count_last_30d,mc_tx_amount_sum_last_2d,mc_tx_succ_count_last_365d,mc_tx_succ_count_last_60m,mc_tx_amount_sum_last_14d,mc_tx_cp_sum_decl_ext_last_24h,mc_tx_cp_dbt_sum_sq_decl_ext_last_30d,mc_tx_count_decl_ext_last_30d,mc_tx_cp_sum_decl_ext_last_30d,mc_tx_cp_count_decl_ext_last_24h,mc_tx_cp_dbt_sum_sq_fail_last_24h,mc_tx_cp_count_decl_ext_last_30d,mc_tx_cp_dbt_sum_sq_fail_last_14d,mc_merchants_ip_count_dist_shared_last_15d,mcc_sum_succ_1y,mcc_sum_sq_succ_30d,mcc_count_succ_1y,mcc_sum_sq_succ_1y,mcc_sum_succ_30d,is_legal_entity,is_mei,is_person,anomaly_score,actual_fraud
798500,120.0,51.42857142857143,0.0,,0.0,0.0,8623.4533576255,0.0,0.0,0.0,0.0,0.0,0.0,9363.709451970391,34.0,0.0,0.0,0.0,9211.773758797586,0.0,1297.0,7063.228156486704,34.0,0.0,0.0,,0.0,3253.424706289597,0.0,0.0,0,6627.313539850349,0.0,9288,94,3278.0,6692.113882331472,48195.380000000005,2976.22997083282,46264.05148122231,1770,0.056,27.518,1515.1188028329907,16656.098754138573,111333.77409654202,1792,26381.80755941589,116.52006701698272,1398.5987358160078,7805.262324001225,127710.68812043392,1869.4172901686288,215037.51495145657,0.0,1721.922267135038,7275.7879707632765,235569.1464610848,7642,50886,6645.509736367373,1721.584957509918,514.623791028863,116.52006701698272,2126,20531.63150962828,24628,8506.71853681798,50886,388,28251.224849584523,2703.01,2228623.5399,1470.0,40940.33,116.0,92667.2001,1470.0,483914.7726,1.0,397708490.31000006,15041245085.775902,11903149,370707517961.3679,27214863.029999997,0,1,0,0.9053753023152802,0
800971,105.0,269.1428571428572,0.0,344033.4359440627,0.0,0.0,1006795.9637992694,1.0,0.0,0.0,0.0,0.0,0.0,192139.6930372599,377.0,0.0,42.0,0.0,164649.75638436887,1.0,4056.0,147685.15405645105,377.0,0.0,1000.0,194093.51168861697,0.0,47393.28664682001,0.0,0.0,1,125126.99903028154,105.8353101861836,6505,50,33196.5,26776.547779372053,489713.5,11082.52509092941,166311.68868780645,1127,0.039,154.314,1640.434929071378,281200.9431770398,350195.29948211,546,183169.4384024484,42.66946139162332,1597.7654676797547,28022.269494981443,626859.3539311041,10977.881226467083,4022670.473687356,0.0,31439.88626108328,13881.610959314276,4371841.083822048,7994,176393,12949.620092076197,9919.678847955513,883.3327095107983,23.206198300707413,1254,349170.6101346904,15216,29408.80725400276,60175,52,194147.3196289155,4720.0,12831765.0,619.0,97281.5,42.0,95940.0,619.0,8611812.0,600.0,164968852.62,19667852843.510105,1551985,489438341183.1888,7405944.029999999,0,0,1,0.719940623655944,0
803834,160.0,54.42857142857143,0.0,,0.0,0.0,8623.4533576255,0.0,0.0,0.0,0.0,0.0,0.0,14020.923864112518,34.0,0.0,0.0,0.0,13450.129906724382,0.0,1881.0,11720.442568628832,34.0,0.0,0.0,,0.0,2476.4662194316816,0.0,0.0,0,10376.655543409332,0.0,6621,97,3196.0,6563.947442786419,44387.69,2388.6563161929357,26647.982170834533,1622,0.063,24.345,0.0,21344.65438915865,77314.26867209082,0,24425.843419261884,0.0,0.0,0.0,180912.47909473648,2103.781063562452,268239.3059257592,0.0,2024.5541612381603,0.0,294661.0379670482,6167,64115,0.0,1969.176993972061,0.0,0.0,0,26421.73204128924,20266,0.0,60032,0,26529.62448282434,3800.99,1319046.0132,1370.0,33423.14,159.0,140619.9001,1370.0,412067.10029999993,1306.0,364068089.7800002,20134987104.6073,10939890,348744070791.6974,28071992.23,0,1,0,0.7322965831781479,0
806075,231.0,272.1428571428572,0.0,368510.3168994906,0.0,0.0,1256497.1636981927,1.0,0.0,0.0,0.0,0.0,0.0,239177.0636319019,402.0,0.0,18.0,0.0,209656.61562306195,1.0,3585.0,188695.1911842233,394.0,0.0,0.0,217770.137788413,0.0,46681.62194651329,0.0,0.0,0,159779.75732849963,105.8353101861836,6465,75,43344.5,60858.10236494624,661854.24,13279.666452535945,193990.74898812087,1745,0.044,183.712,2152.6208660902694,297975.4618000732,391139.16979436926,553,221366.52956301352,174.22643834849023,1978.3944277417788,38851.10184195325,825229.5900237936,14880.760689741206,4307834.451675616,0.0,33196.15872056252,16145.9378514033,4676048.171961358,7225,186233,15047.86485292721,13567.15976833464,1098.0729984760928,174.22643834849023,1413,368213.720285736,14651,41235.18955398525,66765,60,236247.29025275467,5890.5,14468463.5,680.0,125280.0,34.0,326314.5,680.0,7542372.0,54.0,158623842.82000002,18865978275.4966,1507928,473831740695.6207,6971694.6,0,0,1,0.7382557614633947,0
807888,220.0,9.428571428571429,0.0,138096.01676476235,0.0,1.0,267175.41961901233,0.0,0.0,0.0,0.0,0.0,0.0,72074.23692130494,132.0,0.0,34.0,0.0,72074.23692130494,0.0,3897.0,72074.23692130494,132.0,377.025975750906,566000.0,77063.64292051211,0.0,22918.4558057602,1.0,0.0,34,66267.6239802412,0.0,7544,96,18330.0,19072.115224691235,259414.99,6782.781312865895,94103.87840570117,1738,0.049,68.398,898.3044503499644,18576.40431137799,180696.8118808962,803,91769.93301342164,23.580491821686564,874.723958528278,18822.08079793073,318374.72904619103,5448.946063247726,318374.72904619103,0.0,372.6655854758718,8477.37395665683,338727.9049485785,8190,26718,8084.740053149699,5174.467771943673,392.6339035071304,23.580491821686564,1918,20353.17590238745,15687,19851.686856845117,26718,97,97218.87907666934,2098.0,2584257.6001,815.0,56860.98,47.0,40081.0,815.0,967855.0,2.0,3072257952.9000025,473097864502.2248,32942196,5743784529388.841,291770229.84,0,0,1,0.8007032806366496,0
811501,280.0,8.285714285714286,0.0,109035.24581537412,0.0,1.0,205629.76189333072,0.0,0.0,0.0,0.0,1000.0,0.0,58991.8869799697,108.0,0.0,21.0,0.0,58991.8869799697,0.0,3270.0,58991.8869799697,108.0,377.025975750906,386000.0,40704.21661961208,0.0,20489.27341608497,1.0,0.0,24,58991.8869799697,0.0,6462,107,18831.0,21630.312470350284,251578.8,5780.747897023744,82088.3845253644,1637,0.048,69.751,1091.4888855736235,15604.463793970071,155267.95521014233,787,81437.12142483488,123.82515291660448,967.6637326570192,20454.91642148201,265486.2416813352,5293.761860673797,265486.2416813352,0.0,321.2663305188321,10326.71718414925,282786.240007752,6807,21733,9392.121970797823,4914.097611619141,915.9468469483248,123.82515291660448,1702,17299.998326416953,13287,22277.760137937425,21733,73,86730.8832855087,4912.0,2229061.6001,679.0,47261.98,69.0,240100.0,679.0,1472534.0,2.0,3082178624.750003,510446161407.0468,33049010,5773275644283.682,277781430.1,0,0,1,0.7751550380480388,0
811924,400.0,273.1428571428572,0.0,381151.3963239605,0.0,0.0,1350974.5136132084,1.0,0.0,0.0,0.0,0.0,0.0,254621.1543949473,429.0,0.0,38.0,0.0,226277.676903011,1.0,3255.0,204426.6111827504,416.0,0.0,23000.0,217695.30841109503,0.0,42175.507304259256,0.0,0.0,2,168160.89651017392,105.8353101861836,6274,66,29615.7,42983.992200664834,657128.8,12267.99955527279,204417.51245847295,1247,0.044,188.411,3458.463774597496,302671.21522127854,398029.1252185755,664,208905.859309357,361.881335718545,3096.5824388789506,41793.78403607247,909230.366085938,11902.404300270067,4405765.5681390045,0.0,33919.33632754761,22529.156708231498,4779992.094911991,6862,189534,20649.119290757288,10172.101683494428,1831.1840554032376,361.881335718545,1366,374226.5267729836,13823,44781.209707728194,68657,99,220808.2636096271,9822.0,10667613.75,644.0,118862.4,39.0,696692.25,644.0,5276176.75,0.0,156483272.90000004,11560284238.2169,1492474,468192723402.6529,6599854.210000001,0,0,1,0.7946150753125937,0
811990,293.0,273.1428571428572,0.0,381151.3963239605,0.0,0.0,1350974.5136132084,1.0,0.0,0.0,0.0,0.0,0.0,254621.1543949473,429.0,0.0,38.0,0.0,226277.676903011,1.0,3255.0,204426.6111827504,416.0,0.0,23000.0,217695.30841109503,0.0,42175.507304259256,0.0,0.0,2,168160.89651017392,105.8353101861836,6274,66,29615.7,42983.992200664834,657128.8,12267.99955527279,204417.51245847295,1247,0.044,186.6,1754.9940369707806,302671.21522127854,398029.1252185755,582,208905.859309357,195.6618962432916,1559.332140727489,38582.314323325314,909230.366085938,11902.404300270067,4405765.5681390045,0.0,33919.33632754761,20850.11722469236,4779992.094911991,6862,189534,19315.581887988395,10172.101683494428,1462.355421551069,168.45557543231962,1218,374226.5267729836,13823,41085.46087146944,68657,59,220808.2636096271,7839.0,10667613.75,644.0,118862.4,35.0,1048498.5,644.0,5276176.75,0.0,156483272.90000004,11560284238.2169,1492474,468192723402.6529,6599854.210000001,0,0,1,0.7181569309515546,0
812547,155.0,273.1428571428572,0.0,381151.3963239605,0.0,0.0,1350974.5136132084,1.0,0.0,0.0,0.0,0.0,0.0,254621.1543949473,429.0,0.0,38.0,0.0,226277.676903011,1.0,3255.0,204426.6111827504,416.0,0.0,23000.0,217695.30841109503,0.0,42175.507304259256,0.0,0.0,2,168160.89651017392,105.8353101861836,6274,66,29615.7,42983.992200664834,657128.8,12267.99955527279,204417.51245847295,1247,0.044,187.131,259.39712625100566,302671.21522127854,398029.1252185755,537,208905.859309357,0.0,259.39712625100566,34798.01116297119,909230.366085938,11902.404300270067,4405765.5681390045,0.0,33919.33632754761,19112.197245682957,4779992.094911991,6862,189534,17502.19855196993,10172.101683494428,1565.0250993711163,0.0,1112,374226.5267729836,13823,37263.241268679456,68657,14,220808.2636096271,8386.5,10667613.75,644.0,118862.4,36.0,985853.5,644.0,5276176.75,0.0,156483272.90000004,11560284238.2169,1492474,468192723402.6529,6599854.210000001,0,0,1,0.706938772995187,0
812676,266.0,273.1428571428572,0.0,381151.3963239605,0.0,0.0,1350974.5136132084,1.0,0.0,0.0,0.0,0.0,0.0,254621.1543949473,429.0,0.0,38.0,0.0,226277.676903011,1.0,3255.0,204426.6111827504,416.0,0.0,23000.0,217695.30841109503,0.0,42175.507304259256,0.0,0.0,2,168160.89651017392,105.8353101861836,6274,66,29615.7,42983.992200664834,657128.8,12267.99955527279,204417.51245847295,1247,0.044,186.504,2370.5836314847943,302671.21522127854,398029.1252185755,584,208905.859309357,73.04710793082887,2297.5365235539653,35615.351616880645,909230.366085938,11902.404300270067,4405765.5681390045,0.0,33919.33632754761,20073.21256371431,4779992.094911991,6862,189534,18612.422159834845,10172.101683494428,1415.816809537562,73.04710793082887,1136,374226.5267729836,13823,38080.58172258891,68657,78,220808.2636096271,7587.5,10667613.75,644.0,118862.4,34.0,884028.5,644.0,5276176.75,0.0,156483272.90000004,11560284238.2169,1492474,468192723402.6529,6599854.210000001,0,0,1,0.7104276091181471,0
813073,110.0,273.1428571428572,0.0,381151.3963239605,0.0,0.0,1350974.5136132084,1.0,0.0,0.0,0.0,0.0,0.0,254621.1543949473,429.0,0.0,38.0,0.0,226277.676903011,1.0,3255.0,204426.6111827504,416.0,0.0,23000.0,217695.30841109503,0.0,42175.507304259256,0.0,0.0,2,168160.89651017392,105.8353101861836,6274,66,29615.7,42983.992200664834,657128.8,12267.99955527279,204417.51245847295,1247,0.044,186.6,1847.9800238521163,302671.21522127854,398029.1252185755,582,208905.859309357,195.6618962432916,1652.3181276088249,38582.314323325314,909230.366085938,11902.404300270067,4405765.5681390045,0.0,33919.33632754761,20935.32036347217,4779992.094911991,6862,189534,19400.78502676821,10172.101683494428,1462.355421551069,168.45557543231962,1218,374226.5267729836,13823,41085.46087146944,68657,60,220808.2636096271,7839.0,10667613.75,644.0,118862.4,35.0,1048498.5,644.0,5276176.75,0.0,156483272.90000004,11560284238.2169,1492474,468192723402.6529,6599854.210000001,0,0,1,0.7138480366141178,0
813461,150.0,273.1428571428572,0.0,381151.3963239605,0.0,0.0,1350974.5136132084,1.0,0.0,0.0,0.0,0.0,0.0,254621.1543949473,429.0,0.0,38.0,0.0,226277.676903011,1.0,3255.0,204426.6111827504,416.0,0.0,23000.0,217695.30841109503,0.0,42175.507304259256,0.0,0.0,2,168160.89651017392,105.8353101861836,6274,66,29615.7,42983.992200664834,657128.8,12267.99955527279,204417.51245847295,1247,0.044,187.068,1751.7330053667256,302671.21522127854,398029.1252185755,579,208905.859309357,262.5596302921885,1489.1733750745373,39089.16775250401,909230.366085938,11902.404300270067,4405765.5681390045,0.0,33919.33632754761,20918.9471592398,4779992.094911991,6862,189534,19290.30776767597,10172.101683494428,1556.459476410938,262.5596302921885,1245,374226.5267729836,13823,41798.717587110026,68657,52,220808.2636096271,8344.0,10667613.75,644.0,118862.4,36.0,1303523.5,644.0,5276176.75,0.0,156483272.90000004,11560284238.2169,1492474,468192723402.6529,6599854.210000001,0,0,1,0.7215724360845355,0
819157,105.0,272.0,0.0,379031.86688996776,0.0,0.0,1249217.875527558,1.0,0.0,0.0,0.0,0.0,0.0,235735.34262284296,397.0,0.0,15.0,0.0,205946.71382167315,1.0,3705.0,184628.4350871168,391.0,0.0,1000.0,223546.02276336445,0.0,45960.26773210044,0.0,0.0,1,156483.67756810714,105.8353101861836,6499,67,42345.5,60302.53454455103,651040.74,13234.422003006786,192752.6429272669,1683,0.044,183.185,1941.900704399237,296600.8414136591,393001.55976091616,584,216867.43684274296,89.50060168471722,1852.40010271452,32972.739843404146,805732.7294048604,14298.6754734016,4288337.591056682,0.0,33196.15872056252,18226.21553592753,4655148.091846589,7026,185503,16940.396492606233,12822.828997069144,1209.2922683513843,89.50060168471722,1101,366810.5007899002,14873,34882.15237931644,66230,71,231166.11231614448,6431.5,15127203.0,684.0,123630.0,26.0,116249.5,684.0,7325118.75,52.0,158902615.58000004,19306062772.1658,1509542,474655515866.7713,7071272.34,0,0,1,0.7386882396419359,0
819596,214.5,272.0,0.0,379031.86688996776,0.0,0.0,1249217.875527558,1.0,0.0,0.0,0.0,0.0,0.0,235735.34262284296,397.0,0.0,15.0,0.0,205946.71382167315,1.0,3705.0,184628.4350871168,391.0,0.0,1000.0,223546.02276336445,0.0,45960.26773210044,0.0,0.0,1,156483.67756810714,105.8353101861836,6499,67,42345.5,60302.53454455103,651040.74,13234.422003006786,192752.6429272669,1683,0.044,183.778,1645.7995640266054,296600.8414136591,393001.55976091616,614,216867.43684274296,26.456505132934623,1619.343058893671,32886.015085986786,805732.7294048604,14298.6754734016,4288337.591056682,0.0,33196.15872056252,18300.92237101008,4655148.091846589,7026,185503,16843.710591265284,12822.828997069144,1457.211779744786,26.456505132934623,1131,366810.5007899002,14873,35051.174546179514,66230,62,231166.11231614448,7771.5,15127203.0,684.0,123630.0,31.0,324870.5,684.0,7325118.75,52.0,158902615.58000004,19306062772.1658,1509542,474655515866.7713,7071272.34,0,0,1,0.7486825663242125,0
819716,190.0,272.0,0.0,379031.86688996776,0.0,0.0,1249217.875527558,1.0,0.0,0.0,0.0,0.0,0.0,235735.34262284296,397.0,0.0,15.0,0.0,205946.71382167315,1.0,3705.0,184628.4350871168,391.0,0.0,1000.0,223546.02276336445,0.0,45960.26773210044,0.0,0.0,1,156483.67756810714,105.8353101861836,6499,67,42345.5,60302.53454455103,651040.74,13234.422003006786,192752.6429272669,1683,0.044,183.185,1600.011281588448,296600.8414136591,393001.55976091616,582,216867.43684274296,89.50060168471722,1510.510679903731,33210.44697891165,805732.7294048604,14298.6754734016,4288337.591056682,0.0,33196.15872056252,18085.51444043323,4655148.091846589,7026,185503,16799.695397111926,12822.828997069144,1209.2922683513843,89.50060168471722,1091,366810.5007899002,14873,35098.11224696567,66230,60,231166.11231614448,6431.5,15127203.0,684.0,123630.0,26.0,116249.5,684.0,7325118.75,52.0,158902615.58000004,19306062772.1658,1509542,474655515866.7713,7071272.34,0,0,1,0.7344019871581198,0
819766,115.5,272.0,0.0,379031.86688996776,0.0,0.0,1249217.875527558,1.0,0.0,0.0,0.0,0.0,0.0,235735.34262284296,397.0,0.0,15.0,0.0,205946.71382167315,1.0,3705.0,184628.4350871168,391.0,0.0,1000.0,223546.02276336445,0.0,45960.26773210044,0.0,0.0,1,156483.67756810714,105.8353101861836,6499,67,42345.5,60302.53454455103,651040.74,13234.422003006786,192752.6429272669,1683,0.044,183.185,2169.271310992673,296600.8414136591,393001.55976091616,590,216867.43684274296,0.0,2169.271310992673,32972.739843404146,805732.7294048604,14298.6754734016,4288337.591056682,0.0,33196.15872056252,18510.088097996304,4655148.091846589,7026,185503,17224.269054675,12822.828997069144,1209.2922683513843,0.0,1101,366810.5007899002,14873,34882.15237931644,66230,78,231166.11231614448,6431.5,15127203.0,684.0,123630.0,26.0,116249.5,684.0,7325118.75,52.0,158902615.58000004,19306062772.1658,1509542,474655515866.7713,7071272.34,0,0,1,0.7454653567903142,0
819924,128.0,272.0,0.0,379031.86688996776,0.0,0.0,1249217.875527558,1.0,0.0,0.0,0.0,0.0,0.0,235735.34262284296,397.0,0.0,15.0,0.0,205946.71382167315,1.0,3705.0,184628.4350871168,391.0,0.0,1000.0,223546.02276336445,0.0,45960.26773210044,0.0,0.0,1,156483.67756810714,105.8353101861836,6499,67,42345.5,60302.53454455103,651040.74,13234.422003006786,192752.6429272669,1683,0.044,183.058,2368.2298362305078,296600.8414136591,393001.55976091616,607,216867.43684274296,153.70856855402155,2214.5212676764854,33056.09499973522,805732.7294048604,14298.6754734016,4288337.591056682,0.0,33196.15872056252,18675.961073502604,4655148.091846589,7026,185503,17236.43346162728,12822.828997069144,1363.0008369054058,153.70856855402155,1117,366810.5007899002,14873,35015.79282561668,66230,79,231166.11231614448,7256.5,15127203.0,684.0,123630.0,31.0,151674.5,684.0,7325118.75,52.0,158902615.58000004,19306062772.1658,1509542,474655515866.7713,7071272.34,0,0,1,0.7534594358621077,0
820256,165.0,272.0,0.0,379031.86688996776,0.0,0.0,1249217.875527558,1.0,0.0,0.0,0.0,0.0,0.0,235735.34262284296,397.0,0.0,15.0,0.0,205946.71382167315,1.0,3705.0,184628.4350871168,391.0,0.0,1000.0,223546.02276336445,0.0,45960.26773210044,0.0,0.0,1,156483.67756810714,105.8353101861836,6499,67,42345.5,60302.53454455103,651040.74,13234.422003006786,192752.6429272669,1683,0.044,180.84,2050.8449313435053,296600.8414136591,393001.55976091616,578,216867.43684274296,326.3279488755985,1724.516982467907,38413.00562186644,805732.7294048604,14298.6754734016,4288337.591056682,0.0,33196.15872056252,16507.901382997097,4655148.091846589,7026,185503,15416.87301129766,12822.828997069144,1091.028371699436,326.3279488755985,1387,366810.5007899002,14873,40873.10454071223,66230,66,231166.11231614448,5851.5,15127203.0,684.0,123630.0,32.0,425706.0,684.0,7325118.75,52.0,158902615.58000004,19306062772.1658,1509542,474655515866.7713,7071272.34,0,0,1,0.7555396790438054,0
820416,260.0,272.0,0.0,379031.86688996776,0.0,0.0,1249217.875527558,1.0,0.0,0.0,0.0,0.0,0.0,235735.34262284296,397.0,0.0,15.0,0.0,205946.71382167315,1.0,3705.0,184628.4350871168,391.0,0.0,1000.0,223546.02276336445,0.0,45960.26773210044,0.0,0.0,1,156483.67756810714,105.8353101861836,6499,67,42345.5,60302.53454455103,651040.74,13234.422003006786,192752.6429272669,1683,0.044,182.132,279.1253008423587,296600.8414136591,393001.55976091616,569,216867.43684274296,0.0,279.1253008423587,33210.44697891165,805732.7294048604,14298.6754734016,4288337.591056682,0.0,33196.15872056252,18048.56723826717,4655148.091846589,7026,185503,16766.320697954277,12822.828997069144,1205.7197653429605,0.0,1091,366810.5007899002,14873,35098.11224696567,66230,14,231166.11231614448,6412.5,15127203.0,684.0,123630.0,30.0,115898.5,684.0,7325118.75,52.0,158902615.58000004,19306062772.1658,1509542,474655515866.7713,7071272.34,0,0,1,0.747829150890494,0
830743,236.0,272.1428571428572,0.0,368510.3168994906,0.0,0.0,1256497.1636981927,1.0,0.0,0.0,0.0,0.0,0.0,239177.0636319019,402.0,0.0,18.0,0.0,209656.61562306195,1.0,3585.0,188695.1911842233,394.0,0.0,0.0,217770.137788413,0.0,46681.62194651329,0.0,0.0,0,159779.75732849963,105.8353101861836,6465,75,43344.5,60858.10236494624,661854.24,13279.666452535945,193990.74898812087,1745,0.044,184.155,1859.162293888069,297975.4618000732,391139.16979436926,547,221366.52956301352,93.36893802169894,1765.79335586637,39334.83575878851,825229.5900237936,14880.760689741206,4307834.451675616,0.0,33196.15872056252,16428.549445141976,4676048.171961358,7225,186233,15237.107508644189,13567.15976833464,1191.441936497792,93.36893802169894,1418,368213.720285736,14651,41808.53187935966,66765,55,236247.29025275467,6390.5,14468463.5,680.0,125280.0,35.0,326314.5,680.0,7542372.0,54.0,158623842.82000002,18865978275.4966,1507928,473831740695.6207,6971694.6,0,0,1,0.7378196837430336,0
831109,224.0,272.1428571428572,0.0,368510.3168994906,0.0,0.0,1256497.1636981927,1.0,0.0,0.0,0.0,0.0,0.0,239177.0636319019,402.0,0.0,18.0,0.0,209656.61562306195,1.0,3585.0,188695.1911842233,394.0,0.0,0.0,217770.137788413,0.0,46681.62194651329,0.0,0.0,0,159779.75732849963,105.8353101861836,6465,75,43344.5,60858.10236494624,661854.24,13279.666452535945,193990.74898812087,1745,0.044,183.598,1564.863401243674,297975.4618000732,391139.16979436926,542,221366.52956301352,55.087673432802376,1509.7757278108716,36665.3626936794,825229.5900237936,14880.760689741206,4307834.451675616,0.0,33196.15872056252,16203.161008988956,4676048.171961358,7225,186233,15427.883098518552,13567.15976833464,741.665092782594,55.087673432802376,1339,368213.720285736,14651,38852.694531021545,66765,64,236247.29025275467,3973.0,14468463.5,680.0,125280.0,24.0,365241.5,680.0,7542372.0,54.0,158623842.82000002,18865978275.4966,1507928,473831740695.6207,6971694.6,0,0,1,0.7314504358845897,0
831527,287.0,272.1428571428572,0.0,368510.3168994906,0.0,0.0,1256497.1636981927,1.0,0.0,0.0,0.0,0.0,0.0,239177.0636319019,402.0,0.0,18.0,0.0,209656.61562306195,1.0,3585.0,188695.1911842233,394.0,0.0,0.0,217770.137788413,0.0,46681.62194651329,0.0,0.0,0,159779.75732849963,105.8353101861836,6465,75,43344.5,60858.10236494624,661854.24,13279.666452535945,193990.74898812087,1745,0.044,184.925,2094.5453866407724,297975.4618000732,391139.16979436926,544,221366.52956301352,147.52292207428434,1947.022464566488,36932.12647836718,825229.5900237936,14880.760689741206,4307834.451675616,0.0,33196.15872056252,16951.08396205256,4676048.171961358,7225,186233,15794.492348289656,13567.15976833464,1156.5916137628983,147.52292207428434,1353,368213.720285736,14651,38956.07352718681,66765,59,236247.29025275467,6201.5,14468463.5,680.0,125280.0,31.0,418961.0,680.0,7542372.0,54.0,158623842.82000002,18865978275.4966,1507928,473831740695.6207,6971694.6,0,0,1,0.7410577170739878,0
831601,190.0,272.1428571428572,0.0,368510.3168994906,0.0,0.0,1256497.1636981927,1.0,0.0,0.0,0.0,0.0,0.0,239177.0636319019,402.0,0.0,18.0,0.0,209656.61562306195,1.0,3585.0,188695.1911842233,394.0,0.0,0.0,217770.137788413,0.0,46681.62194651329,0.0,0.0,0,159779.75732849963,105.8353101861836,6465,75,43344.5,60858.10236494624,661854.24,13279.666452535945,193990.74898812087,1745,0.044,184.005,918.8437190715392,297975.4618000732,391139.16979436926,542,221366.52956301352,12.137961942820862,906.7057571287183,38214.13970693674,825229.5900237936,14880.760689741206,4307834.451675616,0.0,33196.15872056252,16094.155380622124,4676048.171961358,7225,186233,15025.46639567619,13567.15976833464,1068.6889849459317,12.137961942820862,1381,368213.720285736,14651,40262.049876846046,66765,43,236247.29025275467,5731.5,14468463.5,680.0,125280.0,32.0,239495.5,680.0,7542372.0,54.0,158623842.82000002,18865978275.4966,1507928,473831740695.6207,6971694.6,0,0,1,0.7411625009050439,0
833205,140.0,8.714285714285714,0.0,101057.38012652106,0.0,1.0,208872.71281083036,0.0,0.0,0.0,,0.0,0.0,62469.288889562406,113.0,0.0,25.0,0.0,62469.288889562406,0.0,3408.0,62469.288889562406,113.0,377.025975750906,376000.0,40168.80621241823,0.0,21138.19403801215,1.0,0.0,23,62368.51840335904,0.0,6620,122,19195.0,21812.343313979887,244870.99,6387.668490389168,84552.00628109249,1696,0.051,71.213,366.9998508130688,16942.670567056753,161644.22178704778,69,82578.64934111547,7.459346561241235,359.54050425182754,1027.6389122398707,281135.0593749052,5518.264243228447,281135.0593749052,0.0,339.9146969219352,726.9151872295988,299818.0205537762,6976,23115,700.8074742652545,5238.825655759232,26.107712964344323,7.459346561241235,111,18682.96117887108,13772,1131.5949824129038,23115,26,88096.91358434391,140.0,2473036.6001,738.0,52770.98,5.0,4400.0,738.0,1146134.0,2.0,3063415027.1900024,501510846619.1969,32834609,5759991768259.505,284791805.77,0,0,1,0.7045151912336618,0
833440,430.0,272.57142857142856,0.0,366366.4736168228,0.0,0.0,1297058.522381606,1.0,0.0,0.0,0.0,0.0,0.0,244547.7997027916,414.0,0.0,28.0,0.0,216120.7250348021,1.0,3357.0,194362.70979872765,405.0,0.0,23000.0,229833.2749793456,0.0,46668.67209358803,0.0,0.0,2,162390.52001012804,105.8353101861836,6113,81,39886.0,54283.83254235705,678038.24,11799.600222240177,190958.43366719424,1632,0.043,180.359,1263.0978220193097,299433.36193529854,380735.3883207351,382,222541.38309596508,11.226704587979942,1251.8711174313298,27501.494091688928,853664.6247233609,13816.260819118905,4342173.345488515,0.0,33878.86217517871,10568.913254995883,4712645.66172673,7314,187342,10132.755781752863,11902.61928111944,436.1574732430207,11.226704587979942,888,370472.3162382096,13780,29279.527510154432,67354,63,236357.64391508396,2331.0,10339167.5,625.0,113459.5,17.0,49620.75,625.0,7998613.0,0.0,157337778.77000004,10127016885.3863,1501269,469113153243.8032,6467995.630000001,0,0,1,0.7046471911552037,0
839057,110.0,272.1428571428572,0.0,368510.3168994906,0.0,0.0,1256497.1636981927,1.0,0.0,0.0,0.0,0.0,0.0,239177.0636319019,402.0,0.0,18.0,0.0,209656.61562306195,1.0,3585.0,188695.1911842233,394.0,0.0,0.0,217770.137788413,0.0,46681.62194651329,0.0,0.0,0,159779.75732849963,105.8353101861836,6465,75,43344.5,60858.10236494624,661854.24,13279.666452535945,193990.74898812087,1745,0.044,183.654,2128.9051558327574,297975.4618000732,391139.16979436926,552,221366.52956301352,174.22643834849023,1954.678717484267,38851.10184195325,825229.5900237936,14880.760689741206,4307834.451675616,0.0,33196.15872056252,16174.439298582529,4676048.171961358,7225,186233,15049.9097949735,13567.15976833464,1124.5295036090274,174.22643834849023,1413,368213.720285736,14651,41235.18955398525,66765,60,236247.29025275467,6032.5,14468463.5,680.0,125280.0,35.0,326314.5,680.0,7542372.0,54.0,158623842.82000002,18865978275.4966,1507928,473831740695.6207,6971694.6,0,0,1,0.7349729675984714,0
847395,125.0,268.1428571428572,0.0,310413.0725747336,0.0,0.0,927219.4590465724,1.0,0.0,0.0,0.0,0.0,0.0,175188.6701626896,361.0,0.0,43.0,0.0,146926.64353885775,1.0,3678.0,130636.63554108524,361.0,0.0,1000.0,186830.49441935556,0.0,44442.380896856754,0.0,0.0,1,109253.85154252774,105.8353101861836,5985,104,36147.5,48491.21872578389,492721.0,10532.651036614849,153374.31949140044,1853,0.039,160.912,1429.3696915511844,276947.37243588304,316627.6609351973,805,169540.910818821,62.39755625093131,1366.972135300253,46569.17042916726,558375.0043158465,11101.68716364303,3941844.286328858,0.0,31218.51884225972,19715.55025170964,4285902.250110963,7241,172682,17699.402653831552,9667.66007477602,2016.1475978780927,62.39755625093131,2028,344057.96378210466,13814,50319.39917543539,57911,59,180642.597982464,10772.0,14257386.0,564.0,88832.5,55.0,416513.0,564.0,10059607.0,645.0,167061867.06000006,19707404447.513603,1570011,494249075051.812,6973205.42,0,0,1,0.7174283638399719,0
855538,103.0,272.1428571428572,0.0,368510.3168994906,0.0,0.0,1256497.1636981927,1.0,0.0,0.0,0.0,0.0,0.0,239177.0636319019,402.0,0.0,18.0,0.0,209656.61562306195,1.0,3585.0,188695.1911842233,394.0,0.0,0.0,217770.137788413,0.0,46681.62194651329,0.0,0.0,0,159779.75732849963,105.8353101861836,6465,75,43344.5,60858.10236494624,661854.24,13279.666452535945,193990.74898812087,1745,0.044,183.698,1699.6881477470074,297975.4618000732,391139.16979436926,541,221366.52956301352,100.27823943530466,1599.409908311703,36665.3626936794,825229.5900237936,14880.760689741206,4307834.451675616,0.0,33196.15872056252,16159.937023525428,4676048.171961358,7225,186233,15268.86532474433,13567.15976833464,857.4588810932901,100.27823943530466,1339,368213.720285736,14651,38852.694531021545,66765,68,236247.29025275467,4594.5,14468463.5,680.0,125280.0,27.0,425446.0,680.0,7542372.0,54.0,158623842.82000002,18865978275.4966,1507928,473831740695.6207,6971694.6,0,0,1,0.7282851305759235,0
857060,220.0,268.0,0.0,296359.0915710576,0.0,0.0,903603.8867681556,1.0,0.0,0.0,0.0,0.0,0.0,169648.91765633234,356.0,0.0,42.0,0.0,141223.5693076664,1.0,3498.0,124561.51402927184,356.0,0.0,1000.0,171897.54281497723,0.0,40873.67520570231,0.0,0.0,1,103178.73003071436,105.8353101861836,5638,80,28985.5,42773.30665153184,455008.5,9147.69155676524,143857.79312063227,1628,0.038,156.05,2780.6031489856805,274576.2500232872,297543.777900387,812,163050.62838435953,584.7580085199016,2195.8451404657785,41097.36406354943,533225.9998682325,9343.157270510996,3916695.281881245,0.0,31218.51884225972,20036.661957218188,4258336.145807853,6869,171582,18139.09225149888,7955.107624547504,1843.2371530261053,584.7580085199016,1827,341640.8639266052,13040,43690.37008495161,57566,98,172393.7856548705,10424.0,10309944.0,524.0,78368.5,45.0,4686607.0,524.0,5828813.0,652.0,167190631.02000007,11993564652.2799,1571501,487556427920.8671,6719271.19,0,0,1,0.7521538012192927,0
861848,215.0,268.0,0.0,296359.0915710576,0.0,0.0,903603.8867681556,1.0,0.0,0.0,0.0,0.0,0.0,169648.91765633234,356.0,0.0,42.0,0.0,141223.5693076664,1.0,3498.0,124561.51402927184,356.0,0.0,1000.0,171897.54281497723,0.0,40873.67520570231,0.0,0.0,1,103178.73003071436,105.8353101861836,5638,80,28985.5,42773.30665153184,455008.5,9147.69155676524,143857.79312063227,1628,0.038,152.262,2270.5350273049708,274576.2500232872,297543.777900387,768,163050.62838435953,541.407848068009,1729.127179236962,38540.64593741306,533225.9998682325,9343.157270510996,3916695.281881245,0.0,31218.51884225972,18771.622891883817,4258336.145807853,6869,171582,17434.49449578173,7955.107624547504,1266.8707848608578,541.407848068009,1686,341640.8639266052,13040,40596.6523426885,57566,71,172393.7856548705,7355.0,10309944.0,524.0,78368.5,39.0,4690334.0,524.0,5828813.0,652.0,167190631.02000007,11993564652.2799,1571501,487556427920.8671,6719271.19,0,0,1,0.7260712332697472,0
867843,132.0,269.1428571428572,0.0,344033.4359440627,0.0,0.0,1006795.9637992694,1.0,0.0,0.0,0.0,0.0,0.0,192139.6930372599,377.0,0.0,42.0,0.0,164649.75638436887,1.0,4056.0,147685.15405645105,377.0,0.0,1000.0,194093.51168861697,0.0,47393.28664682001,0.0,0.0,1,125126.99903028154,105.8353101861836,6505,50,33196.5,26776.547779372053,489713.5,11082.52509092941,166311.68868780645,1127,0.039,154.671,1724.838118052177,281200.9431770398,350195.29948211,583,183169.4384024484,42.29516787064416,1682.542950181533,28951.76609440243,626859.3539311041,10977.881226467083,4022670.473687356,0.0,31439.88626108328,14309.241307032968,4371841.083822048,7994,176393,13825.466931167412,9919.678847955513,464.31111277463776,42.29516787064416,1289,349170.6101346904,15216,30130.945310966432,60175,90,194147.3196289155,2481.0,12831765.0,619.0,97281.5,26.0,125169.0,619.0,8611812.0,600.0,164968852.62,19667852843.510105,1551985,489438341183.1888,7405944.029999999,0,0,1,0.7224924052241193,0
867844,150.0,269.1428571428572,0.0,344033.4359440627,0.0,0.0,1006795.9637992694,1.0,0.0,0.0,0.0,0.0,0.0,192139.6930372599,377.0,0.0,42.0,0.0,164649.75638436887,1.0,4056.0,147685.15405645105,377.0,0.0,1000.0,194093.51168861697,0.0,47393.28664682001,0.0,0.0,1,125126.99903028154,105.8353101861836,6505,50,33196.5,26776.547779372053,489713.5,11082.52509092941,166311.68868780645,1127,0.039,154.073,2109.0504173372765,281200.9431770398,350195.29948211,597,183169.4384024484,114.53381741962048,1994.5165999176556,29782.01150408651,626859.3539311041,10977.881226467083,4022670.473687356,0.0,31439.88626108328,14732.00583897892,4371841.083822048,7994,176393,14205.00056144027,9919.678847955513,507.5420144477298,114.53381741962048,1324,349170.6101346904,15216,31055.349525243084,60175,100,194147.3196289155,2712.0,12831765.0,619.0,97281.5,30.0,161842.0,619.0,8611812.0,600.0,164968852.62,19667852843.510105,1551985,489438341183.1888,7405944.029999999,0,0,1,0.726509810553009,0
875972,203.0,,0.0,350016.77159123024,0.0,0.0,1164557.9391012471,1.0,0.0,0.0,,0.0,0.0,221933.63255544603,393.0,0.0,13.0,0.0,191415.03920976663,1.0,3650.0,173501.5172965157,389.0,0.0,1000.0,152968.90806679867,0.0,35452.985272567326,0.0,0.0,1,145763.60850060248,105.8353101861836,6096,82,35144.0,47294.9683595172,413928.24,12515.899051800216,169609.49036068743,1433,0.043,177.562,6857.814423758536,292499.11353778414,357358.6735447394,389,141636.23576463427,451.0689101966197,6406.745513561916,25764.186844756183,730527.631524143,11296.821562535142,4196859.708829647,0.0,33085.295639281685,15996.57687572287,4559183.831302363,4696,182672,14898.285639667203,9691.133984782406,1098.291236055666,451.0689101966197,836,362324.1224727135,14273,27368.39159795545,64212,158,152933.0573271694,5887.5,15239028.5,651.0,113789.5,23.0,595691.75,651.0,7260895.25,67.0,159595927.92999998,19649679029.8866,1518586,475553501861.6845,7084322.199999999,0,0,0,0.7599631107776676,0
876477,200.0,50.57142857142857,0.0,147.29681681232103,0.0,0.0,8623.4533576255,0.0,0.0,0.0,0.0,0.0,0.0,7049.594006456463,34.0,0.0,0.0,0.0,7044.187042286612,0.0,697.0,6421.10127773472,34.0,0.0,0.0,,0.0,1571.3701589870625,0.0,0.0,0,4749.112710972775,0.0,7529,26,4446.639999999999,1518.1102204850836,90099.07,2530.7555383088325,39653.39736632276,488,0.055,29.731,1710.7968296783488,15268.306526596423,92224.3931233319,1921,14495.497061085054,138.7477598980176,1572.0490697803314,9823.4892013228,127642.39318465815,946.6805034458872,195766.64676547103,0.0,1721.922267135038,7887.117335156212,214764.5102017343,4070,45358,7356.143883828777,845.0641104140796,525.4309309586712,138.7477598980176,2731,18997.86343626332,19124,10329.338407818632,45358,417,15442.177564530946,2844.0,1819995.9774,1120.0,33636.07,107.0,299278.0,1120.0,216913.4102,1.0,407184094.22,15935775201.356,12183341,382091327962.853,28950360.180000003,0,1,0,0.7944375930050976,0
884846,120.0,8.428571428571429,0.0,103423.13614440925,0.0,1.0,208826.0918948226,0.0,0.0,0.0,0.0,1000.0,0.0,61432.77165847186,112.0,0.0,25.0,0.0,61432.77165847186,0.0,3420.0,61432.77165847186,112.0,377.025975750906,376000.0,43900.54662110395,0.0,21558.990769855867,1.0,0.0,23,61432.77165847186,0.0,6770,139,19851.0,25747.2884879408,259709.0,6223.382261028355,86137.39430594913,1986,0.05,70.433,844.77099806057,16499.21241399096,163599.0700947833,693,90015.44905754278,125.31702222885276,719.4539758317173,20252.386008046484,276822.3971341175,5754.170344090997,276822.3971341175,0.0,339.9146969219352,8808.18290317769,295061.90015992266,7566,22706,7993.249291362077,5424.209048786232,796.2852454125021,125.31702222885276,1765,18239.503025805287,13952,22075.13969602144,22706,65,95769.6194016338,4270.0,2449061.6001,733.0,51371.98,57.0,173200.0,733.0,1222234.0,2.0,3084015812.370003,507446490431.91846,33081523,5768500522979.912,285535537.92999995,0,0,1,0.8065056242158612,0
885097,152.5,273.1428571428572,0.0,381151.3963239605,0.0,0.0,1350974.5136132084,1.0,0.0,0.0,0.0,0.0,0.0,254621.1543949473,429.0,0.0,38.0,0.0,226277.676903011,1.0,3255.0,204426.6111827504,416.0,0.0,23000.0,217695.30841109503,0.0,42175.507304259256,0.0,0.0,2,168160.89651017392,105.8353101861836,6274,66,29615.7,42983.992200664834,657128.8,12267.99955527279,204417.51245847295,1247,0.044,187.58,2476.9864341085263,302671.21522127854,398029.1252185755,629,208905.859309357,392.814549791294,2084.1718843172325,40488.24028293242,909230.366085938,11902.404300270067,4405765.5681390045,0.0,33919.33632754761,21486.597075866757,4779992.094911991,6862,189534,19781.996848906776,10172.101683494428,1655.7468648890108,392.814549791294,1312,374226.5267729836,13823,43213.32425168857,68657,86,220808.2636096271,8879.5,10667613.75,644.0,118862.4,37.0,1178272.5,644.0,5276176.75,0.0,156483272.90000004,11560284238.2169,1492474,468192723402.6529,6599854.210000001,0,0,1,0.7529674631216888,0
885131,230.0,274.0,0.0,453915.9205684878,0.0,0.0,1463616.7860659298,1.0,0.0,0.0,0.0,1000.0,0.0,273422.2805158816,459.0,0.0,62.0,0.0,244749.2602046084,1.0,3424.0,218964.5871110401,442.0,0.0,92000.0,230369.8978051234,0.0,44492.23497000904,0.0,0.0,6,175534.517380983,105.8353101861836,7175,126,40768.2,61929.91733897891,666488.56,15526.366871944065,246186.08435650056,1781,0.046,193.478,2057.5266516586357,309346.0157994347,463644.5291648281,567,211033.5505542261,68.09429012632793,1989.432361532308,38724.84521074159,993518.7325437126,13217.648944421777,4518868.0022298405,0.0,34220.017563093184,18334.12481889132,4900299.37146,7012,193245,16880.914079368966,11370.553999361491,1395.163147939253,68.09429012632793,1341,381431.3692301578,15269,40755.91169091719,70691,65,224251.19949864785,7496.5,12473173.0,739.0,142061.9,34.0,1671397.25,739.0,6250440.25,0.0,154557106.55000007,16478571845.994797,1477218,466583106863.4332,6939045.040000001,0,0,1,0.7235841127912629,0
889314,105.0,269.42857142857144,0.0,337351.9957398358,0.0,0.0,1021963.6148534388,1.0,0.0,0.0,,0.0,0.0,194928.31195157772,380.0,0.0,40.0,0.0,165361.1583553549,1.0,3931.0,150068.3836636226,380.0,0.0,1000.0,197047.8635244316,0.0,48702.92746423954,0.0,0.0,1,127418.3758333138,105.8353101861836,6383,42,31988.5,24907.796748435496,496305.5,10910.051792160955,163559.37899044642,1034,0.039,,167.68349739866005,281729.23733956605,344391.48821272474,8,171970.17212073927,0.0,167.68349739866005,16443.022101901122,637896.1651248339,10301.525762724505,4039267.823842736,0.0,31439.88626108328,167.68349739866005,4389000.037282292,7689,177140,167.68349739866005,9271.583993194196,0.0,0.0,737,349732.2134395528,14960,17006.027466455234,60512,8,182271.69788346376,0.0,12630635.5,619.0,96591.5,0.0,0.0,619.0,8356993.0,716.0,164372443.48,19781046439.967804,1550670,486479339147.90393,7502352.12,0,0,1,0.7133667110502551,0
891421,183.0,273.42857142857144,0.0,377411.6606216181,0.0,0.0,1375045.7780473349,1.0,0.0,0.0,,0.0,0.0,258742.5640890856,438.0,0.0,45.0,0.0,230542.60754153843,1.0,3078.0,207984.452515369,424.0,0.0,28000.0,224442.7525548193,0.0,43489.1553112753,0.0,0.0,3,169526.7822681656,105.8353101861836,6106,77,34498.7,47676.07105486437,680575.3,12996.04385119398,204380.51969971595,1434,0.044,193.297,3845.687984496125,304231.572257653,391979.44525035215,345,211641.40107831344,213.36463923673227,3632.323345259392,29491.65175909362,926960.6419003684,12263.251718308282,4431247.269093091,0.0,33919.33632754761,12979.651162790702,4807061.3592232615,7121,190389,11706.544424567684,10505.742780721668,1273.1067382230171,213.36463923673227,947,375814.09013016906,13249,31917.20706618964,69185,106,223904.65279662173,6832.0,11242140.0,617.0,120550.9,42.0,142644.25,617.0,5440514.25,0.0,155633317.61000007,11455433830.476398,1488375,465021952518.3865,6515745.1,0,0,1,0.7710342001624908,0
895531,240.0,267.85714285714283,0.0,277176.4252144702,0.0,0.0,883250.0188524646,1.0,0.0,0.0,0.0,0.0,0.0,163056.31812471643,352.0,0.0,40.0,0.0,134902.072557591,1.0,3282.0,118254.37099769428,352.0,0.0,0.0,160869.93711123354,0.0,36907.01720589338,0.0,0.0,0,97292.94655885568,105.8353101861836,5349,77,27336.5,39611.82337267906,430313.0,8694.137074246084,137125.0589562428,1451,0.038,148.134,2308.946135831381,273503.0884307813,281186.12014902727,642,151841.58348254173,65.57377049180326,2243.372365339578,30141.32155215454,513597.72524835175,8951.143886290663,3895336.031295765,0.0,31164.18628956651,15012.623573913354,4235833.476018626,6355,170630,14043.269752449449,7633.351851568389,953.4287629158962,65.57377049180326,1338,340497.44472285814,12342,31292.205348968484,57281,108,160792.72736883236,5095.0,9276534.0,494.0,73860.5,39.0,978294.0,494.0,4779726.0,656.0,167379464.79000005,11716093945.7537,1572995,487612159734.7412,6583937.150000001,0,0,1,0.7133327491536745,0
895939,820.0,267.85714285714283,0.0,277176.4252144702,0.0,0.0,883250.0188524646,1.0,0.0,0.0,0.0,0.0,0.0,163056.31812471643,352.0,0.0,40.0,0.0,134902.072557591,1.0,3282.0,118254.37099769428,352.0,0.0,0.0,160869.93711123354,0.0,36907.01720589338,0.0,0.0,0,97292.94655885568,105.8353101861836,5349,77,27336.5,39611.82337267906,430313.0,8694.137074246084,137125.0589562428,1451,0.038,148.825,2391.1943793911,273503.0884307813,281186.12014902727,608,151841.58348254173,119.53161592505856,2271.662763466041,30141.32155215454,513597.72524835175,8951.143886290663,3895336.031295765,0.0,31164.18628956651,14342.246632634611,4235833.476018626,6355,170630,13415.661353146705,7633.351851568389,910.6602209398987,119.53161592505856,1338,340497.44472285814,12342,31292.205348968484,57281,96,160792.72736883236,4868.0,9276534.0,494.0,73860.5,35.0,949994.0,494.0,4779726.0,656.0,167379464.79000005,11716093945.7537,1572995,487612159734.7412,6583937.150000001,0,0,1,0.7078472830472803,0
896261,220.0,267.85714285714283,0.0,277176.4252144702,0.0,0.0,883250.0188524646,1.0,0.0,0.0,0.0,0.0,0.0,163056.31812471643,352.0,0.0,40.0,0.0,134902.072557591,1.0,3282.0,118254.37099769428,352.0,0.0,0.0,160869.93711123354,0.0,36907.01720589338,0.0,0.0,0,97292.94655885568,105.8353101861836,5349,77,27336.5,39611.82337267906,430313.0,8694.137074246084,137125.0589562428,1451,0.038,148.256,2287.9625292740047,273503.0884307813,281186.12014902727,714,151841.58348254173,127.02576112412176,2160.9367681498825,34263.11343192398,513597.72524835175,8951.143886290663,3895336.031295765,0.0,31164.18628956651,16444.26998496977,4235833.476018626,6355,170630,15379.539305812856,7633.351851568389,994.473067915691,72.69320843091334,1512,340497.44472285814,12342,35615.43059572314,57281,93,160792.72736883236,5308.0,9276534.0,494.0,73860.5,40.0,1134550.0,494.0,4779726.0,656.0,167379464.79000005,11716093945.7537,1572995,487612159734.7412,6583937.150000001,0,0,1,0.7147465697424635,0
896648,120.0,267.85714285714283,0.0,277176.4252144702,0.0,0.0,883250.0188524646,1.0,0.0,0.0,0.0,0.0,0.0,163056.31812471643,352.0,0.0,40.0,0.0,134902.072557591,1.0,3282.0,118254.37099769428,352.0,0.0,0.0,160869.93711123354,0.0,36907.01720589338,0.0,0.0,0,97292.94655885568,105.8353101861836,5349,77,27336.5,39611.82337267906,430313.0,8694.137074246084,137125.0589562428,1451,0.038,148.678,2739.484777517564,273503.0884307813,281186.12014902727,677,151841.58348254173,131.14754098360655,2608.337236533958,31638.69528882847,513597.72524835175,8951.143886290663,3895336.031295765,0.0,31164.18628956651,16099.75948584134,4235833.476018626,6355,170630,15021.507126823884,7633.351851568389,1007.9947477762396,76.81498829039812,1404,340497.44472285814,12342,32810.77826059017,57281,112,160792.72736883236,5385.0,9276534.0,494.0,73860.5,39.0,1131994.0,494.0,4779726.0,656.0,167379464.79000005,11716093945.7537,1572995,487612159734.7412,6583937.150000001,0,0,1,0.7260404306196983,0
896804,115.0,267.85714285714283,0.0,277176.4252144702,0.0,0.0,883250.0188524646,1.0,0.0,0.0,0.0,0.0,0.0,163056.31812471643,352.0,0.0,40.0,0.0,134902.072557591,1.0,3282.0,118254.37099769428,352.0,0.0,0.0,160869.93711123354,0.0,36907.01720589338,0.0,0.0,0,97292.94655885568,105.8353101861836,5349,77,27336.5,39611.82337267906,430313.0,8694.137074246084,137125.0589562428,1451,0.038,148.678,2558.8758782201403,273503.0884307813,281186.12014902727,653,151841.58348254173,138.6416861826698,2420.234192037471,31638.69528882847,513597.72524835175,8951.143886290663,3895336.031295765,0.0,31164.18628956651,15281.78411475866,4235833.476018626,6355,170630,14257.86430843441,7633.351851568389,1007.9947477762396,138.6416861826698,1404,340497.44472285814,12342,32810.77826059017,57281,116,160792.72736883236,5385.0,9276534.0,494.0,73860.5,39.0,1131994.0,494.0,4779726.0,656.0,167379464.79000005,11716093945.7537,1572995,487612159734.7412,6583937.150000001,0,0,1,0.7249986595457512,0
898044,390.0,267.85714285714283,0.0,277176.4252144702,0.0,0.0,883250.0188524646,1.0,0.0,0.0,0.0,0.0,0.0,163056.31812471643,352.0,0.0,40.0,0.0,134902.072557591,1.0,3282.0,118254.37099769428,352.0,0.0,0.0,160869.93711123354,0.0,36907.01720589338,0.0,0.0,0,97292.94655885568,105.8353101861836,5349,77,27336.5,39611.82337267906,430313.0,8694.137074246084,137125.0589562428,1451,0.038,148.087,2550.4449648711943,273503.0884307813,281186.12014902727,632,151841.58348254173,104.54332552693208,2445.9016393442625,30141.32155215454,513597.72524835175,8951.143886290663,3895336.031295765,0.0,31164.18628956651,14842.9754090762,4235833.476018626,6355,170630,13850.81635909649,7633.351851568389,976.2339914317024,104.54332552693208,1338,340497.44472285814,12342,31292.205348968484,57281,103,160792.72736883236,5218.0,9276534.0,494.0,73860.5,40.0,978294.0,494.0,4779726.0,656.0,167379464.79000005,11716093945.7537,1572995,487612159734.7412,6583937.150000001,0,0,1,0.7158231376675761,0
898685,147.0,273.57142857142856,0.0,396485.6346875027,0.0,0.0,1394119.7521132194,1.0,0.0,0.0,0.0,0.0,0.0,262552.5232256528,439.0,0.0,45.0,0.0,233659.89811331703,1.0,3205.0,211262.5157306004,425.0,0.0,28000.0,221817.6814313364,0.0,44977.33498130487,0.0,0.0,3,170440.62799166667,105.8353101861836,6394,103,38244.2,52891.073681581416,675521.3,14263.798601409471,216118.98613902187,1494,0.046,190.0,2203.9463328711163,306095.5867987466,412105.742893046,481,208262.0054984745,0.0,2203.9463328711163,36768.24114658997,944379.8652115922,13241.234620647358,4451373.5667357845,0.0,33919.33632754761,16102.870741670737,4829112.384220451,6951,190955,15139.80436982349,11604.7833024189,753.5696885657535,0.0,1117,377738.8174846645,13815,39675.703132055234,69440,67,221503.24011912185,4021.5,11645781.75,675.0,130498.4,33.0,544563.0,675.0,5761511.0,0.0,155209694.27000007,11399024464.2301,1485484,464120285951.2765,6461065.35,0,0,1,0.7606636124610369,0
898715,154.0,273.57142857142856,0.0,396485.6346875027,0.0,0.0,1394119.7521132194,1.0,0.0,0.0,0.0,0.0,0.0,262552.5232256528,439.0,0.0,45.0,0.0,233659.89811331703,1.0,3205.0,211262.5157306004,425.0,0.0,28000.0,221817.6814313364,0.0,44977.33498130487,0.0,0.0,3,170440.62799166667,105.8353101861836,6394,103,38244.2,52891.073681581416,675521.3,14263.798601409471,216118.98613902187,1494,0.046,189.705,3372.949068695423,306095.5867987466,412105.742893046,586,208262.0054984745,31.949181126559985,3340.999887568864,40371.31426430537,944379.8652115922,13241.234620647358,4451373.5667357845,0.0,33919.33632754761,19475.81981036616,4829112.384220451,6951,190955,18480.80425739236,11604.7833024189,785.5188696923134,31.949181126559985,1227,377738.8174846645,13815,43282.52395430161,69440,105,221503.24011912185,4192.0,11645781.75,675.0,130498.4,35.0,567613.25,675.0,5761511.0,0.0,155209694.27000007,11399024464.2301,1485484,464120285951.2765,6461065.35,0,0,1,0.7902789161293118,0
898783,242.0,273.57142857142856,0.0,396485.6346875027,0.0,0.0,1394119.7521132194,1.0,0.0,0.0,0.0,0.0,0.0,262552.5232256528,439.0,0.0,45.0,0.0,233659.89811331703,1.0,3205.0,211262.5157306004,425.0,0.0,28000.0,221817.6814313364,0.0,44977.33498130487,0.0,0.0,3,170440.62799166667,105.8353101861836,6394,103,38244.2,52891.073681581416,675521.3,14263.798601409471,216118.98613902187,1494,0.046,191.659,2204.774575572462,306095.5867987466,412105.742893046,312,208262.0054984745,191.88247198590864,2012.8921035865533,27795.58065114343,944379.8652115922,13241.234620647358,4451373.5667357845,0.0,33919.33632754761,11440.473975063704,4829112.384220451,6951,190955,10485.941009247892,11604.7833024189,755.2007857564255,34.29149645841922,828,377738.8174846645,13815,30080.08045094741,69440,65,221503.24011912185,4046.5,11645781.75,675.0,130498.4,27.0,376666.75,675.0,5761511.0,0.0,155209694.27000007,11399024464.2301,1485484,464120285951.2765,6461065.35,0,0,1,0.7445107936583235,0
898832,275.0,273.57142857142856,0.0,396485.6346875027,0.0,0.0,1394119.7521132194,1.0,0.0,0.0,0.0,0.0,0.0,262552.5232256528,439.0,0.0,45.0,0.0,233659.89811331703,1.0,3205.0,211262.5157306004,425.0,0.0,28000.0,221817.6814313364,0.0,44977.33498130487,0.0,0.0,3,170440.62799166667,105.8353101861836,6394,103,38244.2,52891.073681581416,675521.3,14263.798601409471,216118.98613902187,1494,0.046,192.179,2638.477682419518,306095.5867987466,412105.742893046,381,208262.0054984745,86.94674511861486,2551.5309373009027,22493.234588107047,944379.8652115922,13241.234620647358,4451373.5667357845,0.0,33919.33632754761,15195.884025115569,4829112.384220451,6951,190955,13901.674328202733,11604.7833024189,1252.4684923809305,86.94674511861486,647,377738.8174846645,13815,24446.062536919755,69440,65,221503.24011912185,6717.5,11645781.75,675.0,130498.4,39.0,310091.5,675.0,5761511.0,0.0,155209694.27000007,11399024464.2301,1485484,464120285951.2765,6461065.35,0,0,1,0.7812278084439207,0
899036,160.0,273.57142857142856,0.0,396485.6346875027,0.0,0.0,1394119.7521132194,1.0,0.0,0.0,0.0,0.0,0.0,262552.5232256528,439.0,0.0,45.0,0.0,233659.89811331703,1.0,3205.0,211262.5157306004,425.0,0.0,28000.0,221817.6814313364,0.0,44977.33498130487,0.0,0.0,3,170440.62799166667,105.8353101861836,6394,103,38244.2,52891.073681581416,675521.3,14263.798601409471,216118.98613902187,1494,0.046,190.571,1723.1945433422034,306095.5867987466,412105.742893046,324,208262.0054984745,119.6454671513698,1603.5490761908334,32279.240659388382,944379.8652115922,13241.234620647358,4451373.5667357845,0.0,33919.33632754761,11056.571599895073,4829112.384220451,6951,190955,10339.167260053224,11604.7833024189,507.9076565603568,119.6454671513698,963,377738.8174846645,13815,34846.879536507506,69440,52,221503.24011912185,2710.5,11645781.75,675.0,130498.4,24.0,168157.0,675.0,5761511.0,0.0,155209694.27000007,11399024464.2301,1485484,464120285951.2765,6461065.35,0,0,1,0.7439102438930474,0
899044,229.0,273.57142857142856,0.0,396485.6346875027,0.0,0.0,1394119.7521132194,1.0,0.0,0.0,0.0,0.0,0.0,262552.5232256528,439.0,0.0,45.0,0.0,233659.89811331703,1.0,3205.0,211262.5157306004,425.0,0.0,28000.0,221817.6814313364,0.0,44977.33498130487,0.0,0.0,3,170440.62799166667,105.8353101861836,6394,103,38244.2,52891.073681581416,675521.3,14263.798601409471,216118.98613902187,1494,0.046,189.76,3165.513622905969,306095.5867987466,412105.742893046,564,208262.0054984745,3.747704530974778,3161.7659183749947,40371.31426430537,944379.8652115922,13241.234620647358,4451373.5667357845,0.0,33919.33632754761,18864.56920136417,4829112.384220451,6951,190955,17897.755124985957,11604.7833024189,757.3173930967282,3.747704530974778,1227,377738.8174846645,13815,43282.52395430161,69440,93,221503.24011912185,4041.5,11645781.75,675.0,130498.4,34.0,544963.0,675.0,5761511.0,0.0,155209694.27000007,11399024464.2301,1485484,464120285951.2765,6461065.35,0,0,1,0.7878127305507455,0
899199,100.0,273.57142857142856,0.0,396485.6346875027,0.0,0.0,1394119.7521132194,1.0,0.0,0.0,0.0,0.0,0.0,262552.5232256528,439.0,0.0,45.0,0.0,233659.89811331703,1.0,3205.0,211262.5157306004,425.0,0.0,28000.0,221817.6814313364,0.0,44977.33498130487,0.0,0.0,3,170440.62799166667,105.8353101861836,6394,103,38244.2,52891.073681581416,675521.3,14263.798601409471,216118.98613902187,1494,0.046,189.76,2605.15309373009,306095.5867987466,412105.742893046,501,208262.0054984745,3.747704530974778,2601.4053891991152,36768.24114658997,944379.8652115922,13241.234620647358,4451373.5667357845,0.0,33919.33632754761,16753.112468612984,4829112.384220451,6951,190955,15786.298392234768,11604.7833024189,757.3173930967282,3.747704530974778,1117,377738.8174846645,13815,39675.703132055234,69440,77,221503.24011912185,4041.5,11645781.75,675.0,130498.4,34.0,544963.0,675.0,5761511.0,0.0,155209694.27000007,11399024464.2301,1485484,464120285951.2765,6461065.35,0,0,1,0.7694050111478756,0
899275,192.0,273.57142857142856,0.0,396485.6346875027,0.0,0.0,1394119.7521132194,1.0,0.0,0.0,0.0,0.0,0.0,262552.5232256528,439.0,0.0,45.0,0.0,233659.89811331703,1.0,3205.0,211262.5157306004,425.0,0.0,28000.0,221817.6814313364,0.0,44977.33498130487,0.0,0.0,3,170440.62799166667,105.8353101861836,6394,103,38244.2,52891.073681581416,675521.3,14263.798601409471,216118.98613902187,1494,0.046,191.876,2403.590300940674,306095.5867987466,412105.742893046,358,208262.0054984745,91.4439905557846,2312.146310384889,25306.355301669984,944379.8652115922,13241.234620647358,4451373.5667357845,0.0,33919.33632754761,13183.85278875812,4829112.384220451,6951,190955,12251.685798703878,11604.7833024189,890.4257855223336,91.4439905557846,740,377738.8174846645,13815,27355.124486475648,69440,75,221503.24011912185,4774.5,11645781.75,675.0,130498.4,30.0,268231.5,675.0,5761511.0,0.0,155209694.27000007,11399024464.2301,1485484,464120285951.2765,6461065.35,0,0,1,0.7509644094427359,0
899294,213.0,273.57142857142856,0.0,396485.6346875027,0.0,0.0,1394119.7521132194,1.0,0.0,0.0,0.0,0.0,0.0,262552.5232256528,439.0,0.0,45.0,0.0,233659.89811331703,1.0,3205.0,211262.5157306004,425.0,0.0,28000.0,221817.6814313364,0.0,44977.33498130487,0.0,0.0,3,170440.62799166667,105.8353101861836,6394,103,38244.2,52891.073681581416,675521.3,14263.798601409471,216118.98613902187,1494,0.046,190.0,2248.1692463366185,306095.5867987466,412105.742893046,465,208262.0054984745,161.52606528501292,2086.6431810516056,36768.24114658997,944379.8652115922,13241.234620647358,4451373.5667357845,0.0,33919.33632754761,15537.810591013014,4829112.384220451,6951,190955,14574.744219165766,11604.7833024189,753.5696885657535,161.52606528501292,1117,377738.8174846645,13815,39675.703132055234,69440,69,221503.24011912185,4021.5,11645781.75,675.0,130498.4,33.0,544563.0,675.0,5761511.0,0.0,155209694.27000007,11399024464.2301,1485484,464120285951.2765,6461065.35,0,0,1,0.7608581505053891,0
899589,236.0,273.57142857142856,0.0,396485.6346875027,0.0,0.0,1394119.7521132194,1.0,0.0,0.0,0.0,0.0,0.0,262552.5232256528,439.0,0.0,45.0,0.0,233659.89811331703,1.0,3205.0,211262.5157306004,425.0,0.0,28000.0,221817.6814313364,0.0,44977.33498130487,0.0,0.0,3,170440.62799166667,105.8353101861836,6394,103,38244.2,52891.073681581416,675521.3,14263.798601409471,216118.98613902187,1494,0.046,189.76,2609.6503391672595,306095.5867987466,412105.742893046,499,208262.0054984745,3.747704530974778,2605.902634636285,36768.24114658997,944379.8652115922,13241.234620647358,4451373.5667357845,0.0,33919.33632754761,16701.394146085535,4829112.384220451,6951,190955,15734.580069707314,11604.7833024189,757.3173930967282,3.747704530974778,1117,377738.8174846645,13815,39675.703132055234,69440,77,221503.24011912185,4041.5,11645781.75,675.0,130498.4,34.0,544963.0,675.0,5761511.0,0.0,155209694.27000007,11399024464.2301,1485484,464120285951.2765,6461065.35,0,0,1,0.7700478360162709,0
899605,134.0,273.57142857142856,0.0,396485.6346875027,0.0,0.0,1394119.7521132194,1.0,0.0,0.0,0.0,0.0,0.0,262552.5232256528,439.0,0.0,45.0,0.0,233659.89811331703,1.0,3205.0,211262.5157306004,425.0,0.0,28000.0,221817.6814313364,0.0,44977.33498130487,0.0,0.0,3,170440.62799166667,105.8353101861836,6394,103,38244.2,52891.073681581416,675521.3,14263.798601409471,216118.98613902187,1494,0.046,189.76,3309.238091668852,306095.5867987466,412105.742893046,575,208262.0054984745,3.747704530974778,3305.4903871378774,40371.31426430537,944379.8652115922,13241.234620647358,4451373.5667357845,0.0,33919.33632754761,19174.504366075784,4829112.384220451,6951,190955,18207.69028969757,11604.7833024189,757.3173930967282,3.747704530974778,1227,377738.8174846645,13815,43282.52395430161,69440,99,221503.24011912185,4041.5,11645781.75,675.0,130498.4,34.0,544963.0,675.0,5761511.0,0.0,155209694.27000007,11399024464.2301,1485484,464120285951.2765,6461065.35,0,0,1,0.7894110382036944,0
899641,250.0,273.57142857142856,0.0,396485.6346875027,0.0,0.0,1394119.7521132194,1.0,0.0,0.0,0.0,0.0,0.0,262552.5232256528,439.0,0.0,45.0,0.0,233659.89811331703,1.0,3205.0,211262.5157306004,425.0,0.0,28000.0,221817.6814313364,0.0,44977.33498130487,0.0,0.0,3,170440.62799166667,105.8353101861836,6394,103,38244.2,52891.073681581416,675521.3,14263.798601409471,216118.98613902187,1494,0.046,190.0,2443.59704680883,306095.5867987466,412105.742893046,420,208262.0054984745,233.48199227972867,2210.115054529101,34222.51915131207,944379.8652115922,13241.234620647358,4451373.5667357845,0.0,33919.33632754761,14071.506202451006,4829112.384220451,6951,190955,13108.439830603762,11604.7833024189,753.5696885657535,233.48199227972867,1026,377738.8174846645,13815,36914.48812624629,69440,78,221503.24011912185,4021.5,11645781.75,675.0,130498.4,33.0,525519.0,675.0,5761511.0,0.0,155209694.27000007,11399024464.2301,1485484,464120285951.2765,6461065.35,0,0,1,0.7644990201889008,0
899917,284.5,273.57142857142856,0.0,396485.6346875027,0.0,0.0,1394119.7521132194,1.0,0.0,0.0,0.0,0.0,0.0,262552.5232256528,439.0,0.0,45.0,0.0,233659.89811331703,1.0,3205.0,211262.5157306004,425.0,0.0,28000.0,221817.6814313364,0.0,44977.33498130487,0.0,0.0,3,170440.62799166667,105.8353101861836,6394,103,38244.2,52891.073681581416,675521.3,14263.798601409471,216118.98613902187,1494,0.046,191.859,2859.4985571337565,306095.5867987466,412105.742893046,372,208262.0054984745,86.94674511861486,2772.551812015141,22493.234588107047,944379.8652115922,13241.234620647358,4451373.5667357845,0.0,33919.33632754761,14670.673540637266,4829112.384220451,6951,190955,13526.37812517941,11604.7833024189,1102.554210925951,86.94674511861486,647,377738.8174846645,13815,24446.062536919755,69440,73,221503.24011912185,5913.0,11645781.75,675.0,130498.4,36.0,310091.5,675.0,5761511.0,0.0,155209694.27000007,11399024464.2301,1485484,464120285951.2765,6461065.35,0,0,1,0.7710011824534025,0
899971,462.0,273.57142857142856,0.0,396485.6346875027,0.0,0.0,1394119.7521132194,1.0,0.0,0.0,0.0,0.0,0.0,262552.5232256528,439.0,0.0,45.0,0.0,233659.89811331703,1.0,3205.0,211262.5157306004,425.0,0.0,28000.0,221817.6814313364,0.0,44977.33498130487,0.0,0.0,3,170440.62799166667,105.8353101861836,6394,103,38244.2,52891.073681581416,675521.3,14263.798601409471,216118.98613902187,1494,0.046,190.391,1451.8607352996291,306095.5867987466,412105.742893046,346,208262.0054984745,80.48195480268336,1371.3787804969456,32279.240659388382,944379.8652115922,13241.234620647358,4451373.5667357845,0.0,33919.33632754761,11824.19518045198,4829112.384220451,6951,190955,11094.610800884466,11604.7833024189,520.0876962860248,80.48195480268336,963,377738.8174846645,13815,34846.879536507506,69440,41,221503.24011912185,2775.5,11645781.75,675.0,130498.4,25.0,168157.0,675.0,5761511.0,0.0,155209694.27000007,11399024464.2301,1485484,464120285951.2765,6461065.35,0,0,1,0.7514118754030972,0
900018,305.0,273.57142857142856,0.0,396485.6346875027,0.0,0.0,1394119.7521132194,1.0,0.0,0.0,0.0,0.0,0.0,262552.5232256528,439.0,0.0,45.0,0.0,233659.89811331703,1.0,3205.0,211262.5157306004,425.0,0.0,28000.0,221817.6814313364,0.0,44977.33498130487,0.0,0.0,3,170440.62799166667,105.8353101861836,6394,103,38244.2,52891.073681581416,675521.3,14263.798601409471,216118.98613902187,1494,0.046,192.429,889.5176704268637,306095.5867987466,412105.742893046,395,208262.0054984745,38.78874189558895,850.7289285312745,20279.652906886797,944379.8652115922,13241.234620647358,4451373.5667357845,0.0,33919.33632754761,15797.836096187157,4829112.384220451,6951,190955,14148.190914220007,11604.7833024189,1607.9039774352432,38.78874189558895,581,377738.8174846645,13815,22228.73315116853,69440,33,221503.24011912185,8627.5,11645781.75,675.0,130498.4,48.0,323542.5,675.0,5761511.0,0.0,155209694.27000007,11399024464.2301,1485484,464120285951.2765,6461065.35,0,0,1,0.7948231195716082,0
900026,125.0,273.57142857142856,0.0,396485.6346875027,0.0,0.0,1394119.7521132194,1.0,0.0,0.0,0.0,0.0,0.0,262552.5232256528,439.0,0.0,45.0,0.0,233659.89811331703,1.0,3205.0,211262.5157306004,425.0,0.0,28000.0,221817.6814313364,0.0,44977.33498130487,0.0,0.0,3,170440.62799166667,105.8353101861836,6394,103,38244.2,52891.073681581416,675521.3,14263.798601409471,216118.98613902187,1494,0.046,189.76,3042.588914289996,306095.5867987466,412105.742893046,553,208262.0054984745,3.747704530974778,3038.841209759021,40371.31426430537,944379.8652115922,13241.234620647358,4451373.5667357845,0.0,33919.33632754761,18544.515234418926,4829112.384220451,6951,190955,17577.70115804071,11604.7833024189,757.3173930967282,3.747704530974778,1227,377738.8174846645,13815,43282.52395430161,69440,90,221503.24011912185,4041.5,11645781.75,675.0,130498.4,34.0,544963.0,675.0,5761511.0,0.0,155209694.27000007,11399024464.2301,1485484,464120285951.2765,6461065.35,0,0,1,0.7830524065150954,0
910190,140.0,273.57142857142856,0.0,396485.6346875027,0.0,0.0,1394119.7521132194,1.0,0.0,0.0,0.0,0.0,0.0,262552.5232256528,439.0,0.0,45.0,0.0,233659.89811331703,1.0,3205.0,211262.5157306004,425.0,0.0,28000.0,221817.6814313364,0.0,44977.33498130487,0.0,0.0,3,170440.62799166667,105.8353101861836,6394,103,38244.2,52891.073681581416,675521.3,14263.798601409471,216118.98613902187,1494,0.046,191.859,2712.401154292996,306095.5867987466,412105.742893046,372,208262.0054984745,86.94674511861486,2625.4544091743805,22493.234588107047,944379.8652115922,13241.234620647358,4451373.5667357845,0.0,33919.33632754761,14718.808113723326,4829112.384220451,6951,190955,13574.51269826547,11604.7833024189,1102.554210925951,86.94674511861486,647,377738.8174846645,13815,24446.062536919755,69440,71,221503.24011912185,5913.0,11645781.75,675.0,130498.4,36.0,310091.5,675.0,5761511.0,0.0,155209694.27000007,11399024464.2301,1485484,464120285951.2765,6461065.35,0,0,1,0.769242109526661,0
914599,100.0,267.85714285714283,0.0,277176.4252144702,0.0,0.0,883250.0188524646,1.0,0.0,0.0,0.0,0.0,0.0,163056.31812471643,352.0,0.0,40.0,0.0,134902.072557591,1.0,3282.0,118254.37099769428,352.0,0.0,0.0,160869.93711123354,0.0,36907.01720589338,0.0,0.0,0,97292.94655885568,105.8353101861836,5349,77,27336.5,39611.82337267906,430313.0,8694.137074246084,137125.0589562428,1451,0.038,148.582,2408.0562060889924,273503.0884307813,281186.12014902727,612,151841.58348254173,123.27868852459017,2284.777517564402,30141.32155215454,513597.72524835175,8951.143886290663,3895336.031295765,0.0,31164.18628956651,14521.925207482602,4235833.476018626,6355,170630,13591.59285539516,7633.351851568389,914.4072935394306,123.27868852459017,1338,340497.44472285814,12342,31292.205348968484,57281,95,160792.72736883236,4888.0,9276534.0,494.0,73860.5,36.0,950394.0,494.0,4779726.0,656.0,167379464.79000005,11716093945.7537,1572995,487612159734.7412,6583937.150000001,0,0,1,0.7061399956640979,0
914662,380.0,268.7142857142857,0.0,326964.2030706717,0.0,0.0,967896.350744252,1.0,0.0,0.0,,0.0,0.0,183590.37060201188,365.0,0.0,41.0,0.0,155492.7446462636,1.0,3861.0,138987.907572627,365.0,0.0,1000.0,190496.68372646545,0.0,45550.513138425136,0.0,0.0,1,116912.05241462446,105.8353101861836,6257,104,37642.5,40097.38794303883,488802.0,10889.34259898794,159990.41428657467,1692,0.039,156.58,607.0043264210055,279453.27878005785,334260.89968280884,154,179417.041366393,75.71236759659854,531.291958824407,8695.60490209894,592305.3785059946,12391.641193052936,3984320.435162708,0.0,31365.292795470872,3868.044159331643,4331609.532199953,7778,174655,3702.260182008056,10293.097221346528,165.78397732358644,75.71236759659854,457,347289.09703724546,14556,9033.817994122466,59061,23,191808.682559446,889.0,12267204.0,594.0,92589.5,3.0,281689.0,594.0,10176322.0,902.0,165294072.07000005,20439630835.965004,1554571,490812058937.4114,7321240.0,0,0,1,0.7168856024714422,0
918797,401.0,,0.0,350016.77159123024,0.0,0.0,1164557.9391012471,1.0,0.0,0.0,,0.0,0.0,221933.63255544603,393.0,0.0,13.0,0.0,191415.03920976663,1.0,3650.0,173501.5172965157,389.0,0.0,1000.0,152968.90806679867,0.0,35452.985272567326,0.0,0.0,1,145763.60850060248,105.8353101861836,6096,82,35144.0,47294.9683595172,413928.24,12515.899051800216,169609.49036068743,1433,0.043,175.801,5389.74181994553,292499.11353778414,357358.6735447394,233,141636.23576463427,398.74267805842624,4990.999141887103,21411.968809461632,730527.631524143,11296.821562535142,4196859.708829647,0.0,33085.295639281685,9194.353244039849,4559183.831302363,4696,182672,8547.130918180803,9691.133984782406,647.2223258590456,398.74267805842624,748,362324.1224727135,14273,22617.430884602472,64212,115,152933.0573271694,3469.5,15239028.5,651.0,113789.5,16.0,102851.25,651.0,7260895.25,67.0,159595927.92999998,19649679029.8866,1518586,475553501861.6845,7084322.199999999,0,0,0,0.7103797893610806,0
919622,260.0,51.57142857142857,0.0,,0.0,0.0,8623.4533576255,0.0,0.0,0.0,0.0,0.0,0.0,10292.046973865146,34.0,0.0,0.0,0.0,10140.11128069234,0.0,1531.0,7991.565678381457,34.0,0.0,0.0,,0.0,4181.762228184351,0.0,0.0,0,7555.651061745102,0.0,9987,81,4512.0,5154.439782159011,61894.72000000001,3211.1701886380133,48853.27003222164,1437,0.056,26.765,3370.518239281092,17257.349610889774,119853.7522218847,2991,32674.94891442485,402.2922854314218,2968.22595384967,19871.24306193497,136253.26103948042,2484.192077369077,223580.0878705031,0.0,1815.2129532975543,13827.170436371953,244833.67696142747,9370,53208,12903.305155738344,2216.584882398884,684.9268905643138,200.4797806716929,4887,21253.589090924448,26944,21254.22482233804,53208,607,35159.14099179392,3597.51,2270540.74,1614.0,44098.34,168.0,397296.4501,1614.0,570223.9627,0.0,397024816.2200001,14981698964.6102,11888792,368614404765.4284,27639338.639999997,0,1,0,1.0,0
928117,115.0,268.0,0.0,296359.0915710576,0.0,0.0,903603.8867681556,1.0,0.0,0.0,0.0,0.0,0.0,169648.91765633234,356.0,0.0,42.0,0.0,141223.5693076664,1.0,3498.0,124561.51402927184,356.0,0.0,1000.0,171897.54281497723,0.0,40873.67520570231,0.0,0.0,1,103178.73003071436,105.8353101861836,5638,80,28985.5,42773.30665153184,455008.5,9147.69155676524,143857.79312063227,1628,0.038,157.408,2474.9000694353213,274576.2500232872,297543.777900387,817,163050.62838435953,412.48334490588695,2062.4167245294348,44646.4999038172,533225.9998682325,9343.157270510996,3916695.281881245,0.0,31218.51884225972,20767.183575625917,4258336.145807853,6869,171582,18542.25066515995,7955.107624547504,2224.932910465967,412.48334490588695,1988,341640.8639266052,13040,47805.98306312567,57566,87,172393.7856548705,12456.0,10309944.0,524.0,78368.5,53.0,4588783.0,524.0,5828813.0,652.0,167190631.02000007,11993564652.2799,1571501,487556427920.8671,6719271.19,0,0,1,0.7805664845921252,0
928186,100.0,9.142857142857142,0.0,144768.55197057698,0.0,1.0,256334.4706839532,0.0,0.0,0.0,0.0,0.0,0.0,67185.48426023505,128.0,0.0,31.0,0.0,67185.48426023505,0.0,3626.0,67185.48426023505,128.0,377.025975750906,571000.0,66432.63231606837,0.0,20975.75387314764,1.0,0.0,34,63507.85346631591,0.0,6942,105,18210.0,16256.397170734092,237993.01,6555.230930960394,87871.47672502682,1395,0.05,69.626,645.4691769285473,17517.4892174345,169716.1137331926,735,80911.15582447668,11.228805629374556,634.2403712991729,16880.93471064971,298205.23539242224,4918.956294999549,298205.23539242224,0.0,339.9146969219352,7843.689411236312,317463.01522167097,6957,24676,7445.815398435475,4669.865334004622,364.9361829546731,11.228805629374556,1539,19257.779829248822,14506,17568.557674704298,24676,72,85830.11211947625,1950.0,2547476.6001,763.0,53680.98,36.0,104000.0,763.0,884774.0,2.0,3070788662.0900025,490011339674.937,32866155,5761078260253.78,288897686.62,0,0,1,0.7322440095494477,0
928234,120.0,269.1428571428572,0.0,344033.4359440627,0.0,0.0,1006795.9637992694,1.0,0.0,0.0,0.0,0.0,0.0,192139.6930372599,377.0,0.0,42.0,0.0,164649.75638436887,1.0,4056.0,147685.15405645105,377.0,0.0,1000.0,194093.51168861697,0.0,47393.28664682001,0.0,0.0,1,125126.99903028154,105.8353101861836,6505,50,33196.5,26776.547779372053,489713.5,11082.52509092941,166311.68868780645,1127,0.039,154.417,1155.444099262642,281200.9431770398,350195.29948211,569,183169.4384024484,0.0,1155.444099262642,28479.075277969747,626859.3539311041,10977.881226467083,4022670.473687356,0.0,31439.88626108328,14584.253471572394,4371841.083822048,7994,176393,13841.842272710252,9919.678847955513,693.753041134858,0.0,1268,349170.6101346904,15216,29846.94870778898,60175,51,194147.3196289155,3707.0,12831765.0,619.0,97281.5,35.0,95140.0,619.0,8611812.0,600.0,164968852.62,19667852843.510105,1551985,489438341183.1888,7405944.029999999,0,0,1,0.7143761912678572,0
928538,300.0,9.142857142857142,0.0,144768.55197057698,0.0,1.0,256334.4706839532,0.0,0.0,0.0,0.0,0.0,0.0,67185.48426023505,128.0,0.0,31.0,0.0,67185.48426023505,0.0,3626.0,67185.48426023505,128.0,377.025975750906,571000.0,66432.63231606837,0.0,20975.75387314764,1.0,0.0,34,63507.85346631591,0.0,6942,105,18210.0,16256.397170734092,237993.01,6555.230930960394,87871.47672502682,1395,0.05,69.703,728.0008983044504,17517.4892174345,169716.1137331926,733,80911.15582447668,121.2711007972452,606.7297975072051,17781.204259028564,298205.23539242224,4918.956294999549,298205.23539242224,0.0,339.9146969219352,7831.337725044002,317463.01522167097,6957,24676,7330.532993973896,4669.865334004622,467.8669012239398,121.2711007972452,1640,19257.779829248822,14506,18586.56409853437,24676,64,85830.11211947625,2500.0,2547476.6001,763.0,53680.98,43.0,113600.0,763.0,884774.0,2.0,3070788662.0900025,490011339674.937,32866155,5761078260253.78,288897686.62,0,0,1,0.7505773153940392,0
928594,140.0,9.142857142857142,0.0,144768.55197057698,0.0,1.0,256334.4706839532,0.0,0.0,0.0,0.0,0.0,0.0,67185.48426023505,128.0,0.0,31.0,0.0,67185.48426023505,0.0,3626.0,67185.48426023505,128.0,377.025975750906,571000.0,66432.63231606837,0.0,20975.75387314764,1.0,0.0,34,63507.85346631591,0.0,6942,105,18210.0,16256.397170734092,237993.01,6555.230930960394,87871.47672502682,1395,0.05,69.596,691.6944267694729,17517.4892174345,169716.1137331926,729,80911.15582447668,105.9250664371,585.7693603323727,17781.204259028564,298205.23539242224,4918.956294999549,298205.23539242224,0.0,339.9146969219352,7774.819403376149,317463.01522167097,6957,24676,7238.082494292045,4669.865334004622,503.7990792379385,105.9250664371,1640,19257.779829248822,14506,18586.56409853437,24676,64,85830.11211947625,2692.0,2547476.6001,763.0,53680.98,47.0,116400.0,763.0,884774.0,2.0,3070788662.0900025,490011339674.937,32866155,5761078260253.78,288897686.62,0,0,1,0.7413252685650088,0
928950,125.0,269.1428571428572,0.0,344033.4359440627,0.0,0.0,1006795.9637992694,1.0,0.0,0.0,0.0,0.0,0.0,192139.6930372599,377.0,0.0,42.0,0.0,164649.75638436887,1.0,4056.0,147685.15405645105,377.0,0.0,1000.0,194093.51168861697,0.0,47393.28664682001,0.0,0.0,1,125126.99903028154,105.8353101861836,6505,50,33196.5,26776.547779372053,489713.5,11082.52509092941,166311.68868780645,1127,0.039,153.993,1809.4284537934648,281200.9431770398,350195.29948211,554,183169.4384024484,13.84886027622862,1795.5795935172364,28022.269494981443,626859.3539311041,10977.881226467083,4022670.473687356,0.0,31439.88626108328,14110.959314294256,4371841.083822048,7994,176393,13218.643560279965,9919.678847955513,843.6575962870082,13.84886027622862,1254,349170.6101346904,15216,29408.80725400276,60175,53,194147.3196289155,4508.0,12831765.0,619.0,97281.5,42.0,95940.0,619.0,8611812.0,600.0,164968852.62,19667852843.510105,1551985,489438341183.1888,7405944.029999999,0,0,1,0.7209721766646312,0
929131,156.0,269.1428571428572,0.0,344033.4359440627,0.0,0.0,1006795.9637992694,1.0,0.0,0.0,0.0,0.0,0.0,192139.6930372599,377.0,0.0,42.0,0.0,164649.75638436887,1.0,4056.0,147685.15405645105,377.0,0.0,1000.0,194093.51168861697,0.0,47393.28664682001,0.0,0.0,1,125126.99903028154,105.8353101861836,6505,50,33196.5,26776.547779372053,489713.5,11082.52509092941,166311.68868780645,1127,0.039,154.44,1553.879552344949,281200.9431770398,350195.29948211,577,183169.4384024484,31.814949283227907,1522.064603061721,28479.075277969747,626859.3539311041,10977.881226467083,4022670.473687356,0.0,31439.88626108328,14913.444623273555,4371841.083822048,7994,176393,14139.218475128187,9919.678847955513,725.5679904180859,31.814949283227907,1268,349170.6101346904,15216,29846.94870778898,60175,60,194147.3196289155,3877.0,12831765.0,619.0,97281.5,36.0,95140.0,619.0,8611812.0,600.0,164968852.62,19667852843.510105,1551985,489438341183.1888,7405944.029999999,0,0,1,0.7200135062961344,0
929748,100.0,269.1428571428572,0.0,344033.4359440627,0.0,0.0,1006795.9637992694,1.0,0.0,0.0,0.0,0.0,0.0,192139.6930372599,377.0,0.0,42.0,0.0,164649.75638436887,1.0,4056.0,147685.15405645105,377.0,0.0,1000.0,194093.51168861697,0.0,47393.28664682001,0.0,0.0,1,125126.99903028154,105.8353101861836,6505,50,33196.5,26776.547779372053,489713.5,11082.52509092941,166311.68868780645,1127,0.039,154.257,1230.1156566979828,281200.9431770398,350195.29948211,560,183169.4384024484,0.0,1230.1156566979828,28479.075277969747,626859.3539311041,10977.881226467083,4022670.473687356,0.0,31439.88626108328,14372.964778979664,4371841.083822048,7994,176393,13621.19624209304,9919.678847955513,703.1103791593367,0.0,1268,349170.6101346904,15216,29846.94870778898,60175,50,194147.3196289155,3757.0,12831765.0,619.0,97281.5,36.0,95140.0,619.0,8611812.0,600.0,164968852.62,19667852843.510105,1551985,489438341183.1888,7405944.029999999,0,0,1,0.7163633980889752,0
929776,320.0,269.1428571428572,0.0,344033.4359440627,0.0,0.0,1006795.9637992694,1.0,0.0,0.0,0.0,0.0,0.0,192139.6930372599,377.0,0.0,42.0,0.0,164649.75638436887,1.0,4056.0,147685.15405645105,377.0,0.0,1000.0,194093.51168861697,0.0,47393.28664682001,0.0,0.0,1,125126.99903028154,105.8353101861836,6505,50,33196.5,26776.547779372053,489713.5,11082.52509092941,166311.68868780645,1127,0.039,154.464,1493.992588988285,281200.9431770398,350195.29948211,577,183169.4384024484,31.814949283227907,1462.1776397050571,30079.317576740286,626859.3539311041,10977.881226467083,4022670.473687356,0.0,31439.88626108328,14865.16075906725,4371841.083822048,7994,176393,14174.776359621208,9919.678847955513,641.7262417187558,31.814949283227907,1317,349170.6101346904,15216,31452.71767458477,60175,60,194147.3196289155,3429.0,12831765.0,619.0,97281.5,33.0,93540.0,619.0,8611812.0,600.0,164968852.62,19667852843.510105,1551985,489438341183.1888,7405944.029999999,0,0,1,0.7202643343830446,0
929988,107.0,269.1428571428572,0.0,344033.4359440627,0.0,0.0,1006795.9637992694,1.0,0.0,0.0,0.0,0.0,0.0,192139.6930372599,377.0,0.0,42.0,0.0,164649.75638436887,1.0,4056.0,147685.15405645105,377.0,0.0,1000.0,194093.51168861697,0.0,47393.28664682001,0.0,0.0,1,125126.99903028154,105.8353101861836,6505,50,33196.5,26776.547779372053,489713.5,11082.52509092941,166311.68868780645,1127,0.039,154.058,2175.0196504098512,281200.9431770398,350195.29948211,631,183169.4384024484,69.80574166261182,2105.213908747239,30104.30005985872,626859.3539311041,10977.881226467083,4022670.473687356,0.0,31439.88626108328,14658.08286858553,4371841.083822048,7994,176393,14104.128457536392,9919.678847955513,534.4911479582289,69.80574166261182,1357,349170.6101346904,15216,31358.647992728045,60175,112,194147.3196289155,2856.0,12831765.0,619.0,97281.5,31.0,164267.0,619.0,8611812.0,600.0,164968852.62,19667852843.510105,1551985,489438341183.1888,7405944.029999999,0,0,1,0.7312716744120731,0
930135,148.0,269.1428571428572,0.0,344033.4359440627,0.0,0.0,1006795.9637992694,1.0,0.0,0.0,0.0,0.0,0.0,192139.6930372599,377.0,0.0,42.0,0.0,164649.75638436887,1.0,4056.0,147685.15405645105,377.0,0.0,1000.0,194093.51168861697,0.0,47393.28664682001,0.0,0.0,1,125126.99903028154,105.8353101861836,6505,50,33196.5,26776.547779372053,489713.5,11082.52509092941,166311.68868780645,1127,0.039,155.126,1185.7618744619533,281200.9431770398,350195.29948211,567,183169.4384024484,58.76408279372684,1126.9977916682262,28951.76609440243,626859.3539311041,10977.881226467083,4022670.473687356,0.0,31439.88626108328,14416.382827413248,4371841.083822048,7994,176393,13848.392409327387,9919.678847955513,519.332260358573,58.76408279372684,1289,349170.6101346904,15216,30130.945310966432,60175,51,194147.3196289155,2775.0,12831765.0,619.0,97281.5,26.0,128673.0,619.0,8611812.0,600.0,164968852.62,19667852843.510105,1551985,489438341183.1888,7405944.029999999,0,0,1,0.7189098294262211,0
930252,120.0,269.1428571428572,0.0,344033.4359440627,0.0,0.0,1006795.9637992694,1.0,0.0,0.0,0.0,0.0,0.0,192139.6930372599,377.0,0.0,42.0,0.0,164649.75638436887,1.0,4056.0,147685.15405645105,377.0,0.0,1000.0,194093.51168861697,0.0,47393.28664682001,0.0,0.0,1,125126.99903028154,105.8353101861836,6505,50,33196.5,26776.547779372053,489713.5,11082.52509092941,166311.68868780645,1127,0.039,154.786,1608.6199797881502,281200.9431770398,350195.29948211,578,183169.4384024484,27.323427031478083,1581.296552756672,28951.76609440243,626859.3539311041,10977.881226467083,4022670.473687356,0.0,31439.88626108328,14243.739940861617,4371841.083822048,7994,176393,13774.937305835228,9919.678847955513,449.33937193547166,27.323427031478083,1289,349170.6101346904,15216,30130.945310966432,60175,83,194147.3196289155,2401.0,12831765.0,619.0,97281.5,25.0,125169.0,619.0,8611812.0,600.0,164968852.62,19667852843.510105,1551985,489438341183.1888,7405944.029999999,0,0,1,0.7206407912289556,0
944245,145.0,271.57142857142856,0.0,371715.8167805979,0.0,0.0,1186256.9842906147,1.0,0.0,0.0,0.0,0.0,0.0,224119.49304490656,394.0,0.0,12.0,0.0,193775.1218196228,1.0,3741.0,175453.09745393123,390.0,0.0,1000.0,157895.70513053687,0.0,33187.79524811339,0.0,0.0,1,146502.02012193855,105.8353101861836,6402,79,33902.0,51487.6516334594,449191.24,13082.407521289422,182308.5655637488,1490,0.043,177.778,2177.962445365699,293725.8294769313,380104.83272986754,326,164382.3949497625,175.95527959631582,2002.0071657693827,33287.21018645483,750262.4462502425,12523.537501682378,4219605.868014777,0.0,33085.295639281685,11331.951452850364,4583156.70642664,5292,183268,10822.469001481926,10917.849923929642,438.5750998893245,175.95527959631582,918,363550.8384118608,14869,34850.22363511517,64595,67,176905.93245144488,2338.0,15893448.25,680.0,120329.0,10.0,82645.0,680.0,7915315.0,64.0,159289246.95999998,19685081063.227703,1516004,474971380993.56085,7075629.8100000005,0,0,1,0.7091937300388227,0
944634,140.0,271.57142857142856,0.0,371715.8167805979,0.0,0.0,1186256.9842906147,1.0,0.0,0.0,0.0,0.0,0.0,224119.49304490656,394.0,0.0,12.0,0.0,193775.1218196228,1.0,3741.0,175453.09745393123,390.0,0.0,1000.0,157895.70513053687,0.0,33187.79524811339,0.0,0.0,1,146502.02012193855,105.8353101861836,6402,79,33902.0,51487.6516334594,449191.24,13082.407521289422,182308.5655637488,1490,0.043,177.705,2820.443077153951,293725.8294769313,380104.83272986754,394,164382.3949497625,273.6873698624998,2546.755707291451,35837.81139825772,750262.4462502425,12523.537501682378,4219605.868014777,0.0,33085.295639281685,13453.075465681211,4583156.70642664,5292,183268,12845.860924046596,10917.849923929642,462.3984693016189,199.7786490086102,1003,363550.8384118608,14869,37576.78012651437,64595,83,176905.93245144488,2465.0,15893448.25,680.0,120329.0,11.0,82645.0,680.0,7915315.0,64.0,159289246.95999998,19685081063.227703,1516004,474971380993.56085,7075629.8100000005,0,0,1,0.7187030450863083,0
944680,126.0,271.57142857142856,0.0,371715.8167805979,0.0,0.0,1186256.9842906147,1.0,0.0,0.0,0.0,0.0,0.0,224119.49304490656,394.0,0.0,12.0,0.0,193775.1218196228,1.0,3741.0,175453.09745393123,390.0,0.0,1000.0,157895.70513053687,0.0,33187.79524811339,0.0,0.0,1,146502.02012193855,105.8353101861836,6402,79,33902.0,51487.6516334594,449191.24,13082.407521289422,182308.5655637488,1490,0.043,178.235,2651.616049822732,293725.8294769313,380104.83272986754,449,164382.3949497625,279.8776941979778,2371.738355624754,38440.74898853328,750262.4462502425,12523.537501682378,4219605.868014777,0.0,33085.295639281685,15482.563919788396,4583156.70642664,5292,183268,14669.38040480969,10917.849923929642,631.4130822187623,169.01461291714344,1104,363550.8384118608,14869,40417.76382532696,64595,78,176905.93245144488,3366.0,15893448.25,680.0,120329.0,14.0,82645.0,680.0,7915315.0,64.0,159289246.95999998,19685081063.227703,1516004,474971380993.56085,7075629.8100000005,0,0,1,0.7153098833997339,0
944833,258.0,271.57142857142856,0.0,371715.8167805979,0.0,0.0,1186256.9842906147,1.0,0.0,0.0,0.0,0.0,0.0,224119.49304490656,394.0,0.0,12.0,0.0,193775.1218196228,1.0,3741.0,175453.09745393123,390.0,0.0,1000.0,157895.70513053687,0.0,33187.79524811339,0.0,0.0,1,146502.02012193855,105.8353101861836,6402,79,33902.0,51487.6516334594,449191.24,13082.407521289422,182308.5655637488,1490,0.043,178.416,3284.0608527640734,293725.8294769313,380104.83272986754,575,164382.3949497625,123.99407229548484,3160.066780468589,42291.22451799359,750262.4462502425,12523.537501682378,4219605.868014777,0.0,33085.295639281685,19622.671593914707,4583156.70642664,5292,183268,18685.494006640514,10917.849923929642,755.407154514247,123.99407229548484,1218,363550.8384118608,14869,44457.888382156016,64595,98,176905.93245144488,4027.0,15893448.25,680.0,120329.0,17.0,82645.0,680.0,7915315.0,64.0,159289246.95999998,19685081063.227703,1516004,474971380993.56085,7075629.8100000005,0,0,1,0.7361315718881307,0
944844,146.0,271.57142857142856,0.0,371715.8167805979,0.0,0.0,1186256.9842906147,1.0,0.0,0.0,0.0,0.0,0.0,224119.49304490656,394.0,0.0,12.0,0.0,193775.1218196228,1.0,3741.0,175453.09745393123,390.0,0.0,1000.0,157895.70513053687,0.0,33187.79524811339,0.0,0.0,1,146502.02012193855,105.8353101861836,6402,79,33902.0,51487.6516334594,449191.24,13082.407521289422,182308.5655637488,1490,0.043,177.705,2580.8962839295427,293725.8294769313,380104.83272986754,357,164382.3949497625,199.7786490086102,2381.1176349209327,35837.81139825772,750262.4462502425,12523.537501682378,4219605.868014777,0.0,33085.295639281685,12437.018139526162,4583156.70642664,5292,183268,11903.712318745427,10917.849923929642,462.3984693016189,199.7786490086102,1003,363550.8384118608,14869,37576.78012651437,64595,75,176905.93245144488,2465.0,15893448.25,680.0,120329.0,11.0,82645.0,680.0,7915315.0,64.0,159289246.95999998,19685081063.227703,1516004,474971380993.56085,7075629.8100000005,0,0,1,0.7149409286305913,0
945928,276.0,273.57142857142856,0.0,396485.6346875027,0.0,0.0,1394119.7521132194,1.0,0.0,0.0,0.0,0.0,0.0,262552.5232256528,439.0,0.0,45.0,0.0,233659.89811331703,1.0,3205.0,211262.5157306004,425.0,0.0,28000.0,221817.6814313364,0.0,44977.33498130487,0.0,0.0,3,170440.62799166667,105.8353101861836,6394,103,38244.2,52891.073681581416,675521.3,14263.798601409471,216118.98613902187,1494,0.046,191.89,381.8910917063298,306095.5867987466,412105.742893046,426,208262.0054984745,35.04103736461417,346.85005434171563,20279.652906886797,944379.8652115922,13241.234620647358,4451373.5667357845,0.0,33919.33632754761,17087.224275963938,4829112.384220451,6951,190955,15224.048921366166,11604.7833024189,1821.434150065866,35.04103736461417,581,377738.8174846645,13815,22228.73315116853,69440,16,221503.24011912185,9773.5,11645781.75,675.0,130498.4,56.0,405649.75,675.0,5761511.0,0.0,155209694.27000007,11399024464.2301,1485484,464120285951.2765,6461065.35,0,0,1,0.8147365609025115,0
945940,142.0,273.57142857142856,0.0,396485.6346875027,0.0,0.0,1394119.7521132194,1.0,0.0,0.0,0.0,0.0,0.0,262552.5232256528,439.0,0.0,45.0,0.0,233659.89811331703,1.0,3205.0,211262.5157306004,425.0,0.0,28000.0,221817.6814313364,0.0,44977.33498130487,0.0,0.0,3,170440.62799166667,105.8353101861836,6394,103,38244.2,52891.073681581416,675521.3,14263.798601409471,216118.98613902187,1494,0.046,191.665,2385.226548738897,306095.5867987466,412105.742893046,353,208262.0054984745,135.29213356818948,2249.934415170708,25306.355301669984,944379.8652115922,13241.234620647358,4451373.5667357845,0.0,33919.33632754761,13043.737915915592,4829112.384220451,6951,190955,12067.722782848943,11604.7833024189,934.2739285347386,135.29213356818948,740,377738.8174846645,13815,27355.124486475648,69440,76,221503.24011912185,5008.5,11645781.75,675.0,130498.4,32.0,312331.5,675.0,5761511.0,0.0,155209694.27000007,11399024464.2301,1485484,464120285951.2765,6461065.35,0,0,1,0.7517046769447682,0
955086,162.0,272.42857142857144,0.0,333832.8814455781,0.0,0.0,1264524.930210361,1.0,0.0,0.0,,0.0,0.0,242080.0665147046,412.0,0.0,27.0,0.0,213373.69875813776,1.0,3257.0,191990.91475958028,403.0,0.0,23000.0,212553.99373059368,0.0,47029.0026374114,0.0,0.0,2,160808.48404292727,105.8353101861836,5882,75,43478.0,57460.81424335857,671336.74,11269.980433302224,181575.3410843037,1742,0.043,181.535,3625.0023342234495,298807.0989310324,364640.9717351502,293,223724.15919893648,266.2882112378854,3358.714122985565,21138.63419917461,839941.5742539108,14351.596474069993,4326078.928902932,0.0,33229.77153825033,11707.01760938171,4695195.433450405,7453,186882,10473.987413867157,13041.303041800056,625.0116711172527,76.37579130174973,693,369116.5045474678,13320,22838.78919161173,67165,84,238075.7556730064,3347.0,10014951.25,605.0,110112.5,20.0,511665.25,605.0,7973789.75,52.0,157684055.02,10066142229.2642,1504038,469439400877.34735,6552086.94,0,0,1,0.7266361577166427,0
958876,151.0,272.57142857142856,0.0,366366.4736168228,0.0,0.0,1297058.522381606,1.0,0.0,0.0,0.0,0.0,0.0,244547.7997027916,414.0,0.0,28.0,0.0,216120.7250348021,1.0,3357.0,194362.70979872765,405.0,0.0,23000.0,229833.2749793456,0.0,46668.67209358803,0.0,0.0,2,162390.52001012804,105.8353101861836,6113,81,39886.0,54283.83254235705,678038.24,11799.600222240177,190958.43366719424,1632,0.043,181.643,371.1361425043036,299433.36193529854,380735.3883207351,312,222541.38309596508,0.0,371.1361425043036,16081.690184795738,853664.6247233609,13816.260819118905,4342173.345488515,0.0,33878.86217517871,12448.45496008007,4712645.66172673,7314,187342,11442.684759710335,11902.61928111944,521.3721499131669,0.0,462,370472.3162382096,13780,17434.792834606193,67354,20,236357.64391508396,2792.0,10339167.5,625.0,113459.5,15.0,441590.25,625.0,7998613.0,0.0,157337778.77000004,10127016885.3863,1501269,469113153243.8032,6467995.630000001,0,0,1,0.7408503272872451,0
958972,527.0,273.42857142857144,0.0,377411.6606216181,0.0,0.0,1375045.7780473349,1.0,0.0,0.0,,0.0,0.0,258742.5640890856,438.0,0.0,45.0,0.0,230542.60754153843,1.0,3078.0,207984.452515369,424.0,0.0,28000.0,224442.7525548193,0.0,43489.1553112753,0.0,0.0,3,169526.7822681656,105.8353101861836,6106,77,34498.7,47676.07105486437,680575.3,12996.04385119398,204380.51969971595,1434,0.044,194.392,1254.0995825879547,304231.572257653,391979.44525035215,49,211641.40107831344,67.27042337507454,1186.8291592128803,23640.89519976148,926960.6419003684,12263.251718308282,4431247.269093091,0.0,33919.33632754761,1254.0995825879547,4807061.3592232615,7121,190389,1186.8291592128803,10505.742780721668,67.27042337507454,67.27042337507454,797,375814.09013016906,13249,25262.00059630293,69185,49,223904.65279662173,361.0,11242140.0,617.0,120550.9,5.0,1882.25,617.0,5440514.25,0.0,155633317.61000007,11455433830.476398,1488375,465021952518.3865,6515745.1,0,0,1,0.7713293898003166,0
959005,376.0,273.42857142857144,0.0,377411.6606216181,0.0,0.0,1375045.7780473349,1.0,0.0,0.0,,0.0,0.0,258742.5640890856,438.0,0.0,45.0,0.0,230542.60754153843,1.0,3078.0,207984.452515369,424.0,0.0,28000.0,224442.7525548193,0.0,43489.1553112753,0.0,0.0,3,169526.7822681656,105.8353101861836,6106,77,34498.7,47676.07105486437,680575.3,12996.04385119398,204380.51969971595,1434,0.044,193.297,3742.732558139536,304231.572257653,391979.44525035215,342,211641.40107831344,213.36463923673227,3529.367918902803,29491.65175909362,926960.6419003684,12263.251718308282,4431247.269093091,0.0,33919.33632754761,12824.42605843769,4807061.3592232615,7121,190389,11551.319320214674,10505.742780721668,1273.1067382230171,213.36463923673227,947,375814.09013016906,13249,31917.20706618964,69185,104,223904.65279662173,6832.0,11242140.0,617.0,120550.9,42.0,142644.25,617.0,5440514.25,0.0,155633317.61000007,11455433830.476398,1488375,465021952518.3865,6515745.1,0,0,1,0.7698323226595721,0
959160,140.0,273.42857142857144,0.0,377411.6606216181,0.0,0.0,1375045.7780473349,1.0,0.0,0.0,,0.0,0.0,258742.5640890856,438.0,0.0,45.0,0.0,230542.60754153843,1.0,3078.0,207984.452515369,424.0,0.0,28000.0,224442.7525548193,0.0,43489.1553112753,0.0,0.0,3,169526.7822681656,105.8353101861836,6106,77,34498.7,47676.07105486437,680575.3,12996.04385119398,204380.51969971595,1434,0.044,194.444,3395.8519677996424,304231.572257653,391979.44525035215,106,211641.40107831344,438.2826475849732,2957.56932021467,23640.89519976148,926960.6419003684,12263.251718308282,4431247.269093091,0.0,33919.33632754761,3613.595706618963,4807061.3592232615,7121,190389,3141.7710196779976,10505.742780721668,471.8246869409661,438.2826475849732,797,375814.09013016906,13249,25262.00059630293,69185,94,223904.65279662173,2532.0,11242140.0,617.0,120550.9,16.0,96383.25,617.0,5440514.25,0.0,155633317.61000007,11455433830.476398,1488375,465021952518.3865,6515745.1,0,0,1,0.7856489334439867,0
959190,514.5,273.42857142857144,0.0,377411.6606216181,0.0,0.0,1375045.7780473349,1.0,0.0,0.0,,0.0,0.0,258742.5640890856,438.0,0.0,45.0,0.0,230542.60754153843,1.0,3078.0,207984.452515369,424.0,0.0,28000.0,224442.7525548193,0.0,43489.1553112753,0.0,0.0,3,169526.7822681656,105.8353101861836,6106,77,34498.7,47676.07105486437,680575.3,12996.04385119398,204380.51969971595,1434,0.044,193.925,4147.379994036971,304231.572257653,391979.44525035215,424,211641.40107831344,588.56961836613,3558.810375670841,29491.65175909362,926960.6419003684,12263.251718308282,4431247.269093091,0.0,33919.33632754761,16659.77191413239,4807061.3592232615,7121,190389,14798.095557543236,10505.742780721668,1819.935152057245,546.8284138342278,947,375814.09013016906,13249,31917.20706618964,69185,90,223904.65279662173,9766.5,11242140.0,617.0,120550.9,55.0,397240.75,617.0,5440514.25,0.0,155633317.61000007,11455433830.476398,1488375,465021952518.3865,6515745.1,0,0,1,0.8400906164547333,0
959195,431.0,273.42857142857144,0.0,377411.6606216181,0.0,0.0,1375045.7780473349,1.0,0.0,0.0,,0.0,0.0,258742.5640890856,438.0,0.0,45.0,0.0,230542.60754153843,1.0,3078.0,207984.452515369,424.0,0.0,28000.0,224442.7525548193,0.0,43489.1553112753,0.0,0.0,3,169526.7822681656,105.8353101861836,6106,77,34498.7,47676.07105486437,680575.3,12996.04385119398,204380.51969971595,1434,0.044,194.392,1099.9925462134763,304231.572257653,391979.44525035215,44,211641.40107831344,67.27042337507454,1032.722122838402,23640.89519976148,926960.6419003684,12263.251718308282,4431247.269093091,0.0,33919.33632754761,1099.9925462134763,4807061.3592232615,7121,190389,1032.722122838402,10505.742780721668,67.27042337507454,67.27042337507454,797,375814.09013016906,13249,25262.00059630293,69185,44,223904.65279662173,361.0,11242140.0,617.0,120550.9,5.0,1882.25,617.0,5440514.25,0.0,155633317.61000007,11455433830.476398,1488375,465021952518.3865,6515745.1,0,0,1,0.763299221002902,0
959206,726.0,273.42857142857144,0.0,377411.6606216181,0.0,0.0,1375045.7780473349,1.0,0.0,0.0,,0.0,0.0,258742.5640890856,438.0,0.0,45.0,0.0,230542.60754153843,1.0,3078.0,207984.452515369,424.0,0.0,28000.0,224442.7525548193,0.0,43489.1553112753,0.0,0.0,3,169526.7822681656,105.8353101861836,6106,77,34498.7,47676.07105486437,680575.3,12996.04385119398,204380.51969971595,1434,0.044,194.216,4200.488223017293,304231.572257653,391979.44525035215,168,211641.40107831344,596.9551282051283,3603.533094812166,25507.789206917118,926960.6419003684,12263.251718308282,4431247.269093091,0.0,33919.33632754761,6188.226744186048,4807061.3592232615,7121,190389,5345.110316040548,10505.742780721668,843.116428145498,596.9551282051283,829,375814.09013016906,13249,27554.97167561121,69185,104,223904.65279662173,4524.5,11242140.0,617.0,120550.9,27.0,97183.25,617.0,5440514.25,0.0,155633317.61000007,11455433830.476398,1488375,465021952518.3865,6515745.1,0,0,1,0.8162647269937814,0
959208,112.0,273.42857142857144,0.0,377411.6606216181,0.0,0.0,1375045.7780473349,1.0,0.0,0.0,,0.0,0.0,258742.5640890856,438.0,0.0,45.0,0.0,230542.60754153843,1.0,3078.0,207984.452515369,424.0,0.0,28000.0,224442.7525548193,0.0,43489.1553112753,0.0,0.0,3,169526.7822681656,105.8353101861836,6106,77,34498.7,47676.07105486437,680575.3,12996.04385119398,204380.51969971595,1434,0.044,193.507,4182.133273703042,304231.572257653,391979.44525035215,306,211641.40107831344,373.3415324985092,3808.791741204532,26816.208258795465,926960.6419003684,12263.251718308282,4431247.269093091,0.0,33919.33632754761,11547.126565295175,4807061.3592232615,7121,190389,10284.268783542042,10505.742780721668,1262.8577817531304,373.3415324985092,873,375814.09013016906,13249,29318.164877757903,69185,113,223904.65279662173,6777.0,11242140.0,617.0,120550.9,41.0,139619.25,617.0,5440514.25,0.0,155633317.61000007,11455433830.476398,1488375,465021952518.3865,6515745.1,0,0,1,0.7873397218566797,0
959237,290.5,273.42857142857144,0.0,377411.6606216181,0.0,0.0,1375045.7780473349,1.0,0.0,0.0,,0.0,0.0,258742.5640890856,438.0,0.0,45.0,0.0,230542.60754153843,1.0,3078.0,207984.452515369,424.0,0.0,28000.0,224442.7525548193,0.0,43489.1553112753,0.0,0.0,3,169526.7822681656,105.8353101861836,6106,77,34498.7,47676.07105486437,680575.3,12996.04385119398,204380.51969971595,1434,0.044,193.145,3646.765056648779,304231.572257653,391979.44525035215,357,211641.40107831344,289.76595110316043,3356.9991055456167,29491.65175909362,926960.6419003684,12263.251718308282,4431247.269093091,0.0,33919.33632754761,13433.027728085872,4807061.3592232615,7121,190389,12034.697376267146,10505.742780721668,1398.3303518187238,289.76595110316043,947,375814.09013016906,13249,31917.20706618964,69185,102,223904.65279662173,7504.0,11242140.0,617.0,120550.9,46.0,315565.75,617.0,5440514.25,0.0,155633317.61000007,11455433830.476398,1488375,465021952518.3865,6515745.1,0,0,1,0.7827498332945484,0
959290,965.0,273.42857142857144,0.0,377411.6606216181,0.0,0.0,1375045.7780473349,1.0,0.0,0.0,,0.0,0.0,258742.5640890856,438.0,0.0,45.0,0.0,230542.60754153843,1.0,3078.0,207984.452515369,424.0,0.0,28000.0,224442.7525548193,0.0,43489.1553112753,0.0,0.0,3,169526.7822681656,105.8353101861836,6106,77,34498.7,47676.07105486437,680575.3,12996.04385119398,204380.51969971595,1434,0.044,193.925,3884.913536076328,304231.572257653,391979.44525035215,389,211641.40107831344,663.9460345855695,3220.9675014907584,29491.65175909362,926960.6419003684,12263.251718308282,4431247.269093091,0.0,33919.33632754761,15094.010882528331,4807061.3592232615,7121,190389,13232.33452593918,10505.742780721668,1819.935152057245,622.2048300536673,947,375814.09013016906,13249,31917.20706618964,69185,94,223904.65279662173,9766.5,11242140.0,617.0,120550.9,55.0,397240.75,617.0,5440514.25,0.0,155633317.61000007,11455433830.476398,1488375,465021952518.3865,6515745.1,0,0,1,0.8428871636066332,0
959353,475.0,273.42857142857144,0.0,377411.6606216181,0.0,0.0,1375045.7780473349,1.0,0.0,0.0,,0.0,0.0,258742.5640890856,438.0,0.0,45.0,0.0,230542.60754153843,1.0,3078.0,207984.452515369,424.0,0.0,28000.0,224442.7525548193,0.0,43489.1553112753,0.0,0.0,3,169526.7822681656,105.8353101861836,6106,77,34498.7,47676.07105486437,680575.3,12996.04385119398,204380.51969971595,1434,0.044,193.507,4182.133273703042,304231.572257653,391979.44525035215,306,211641.40107831344,373.3415324985092,3808.791741204532,26816.208258795465,926960.6419003684,12263.251718308282,4431247.269093091,0.0,33919.33632754761,11547.126565295175,4807061.3592232615,7121,190389,10284.268783542042,10505.742780721668,1262.8577817531304,373.3415324985092,873,375814.09013016906,13249,29318.164877757903,69185,113,223904.65279662173,6777.0,11242140.0,617.0,120550.9,41.0,139619.25,617.0,5440514.25,0.0,155633317.61000007,11455433830.476398,1488375,465021952518.3865,6515745.1,0,0,1,0.790975097384377,0
959355,240.0,273.42857142857144,0.0,377411.6606216181,0.0,0.0,1375045.7780473349,1.0,0.0,0.0,,0.0,0.0,258742.5640890856,438.0,0.0,45.0,0.0,230542.60754153843,1.0,3078.0,207984.452515369,424.0,0.0,28000.0,224442.7525548193,0.0,43489.1553112753,0.0,0.0,3,169526.7822681656,105.8353101861836,6106,77,34498.7,47676.07105486437,680575.3,12996.04385119398,204380.51969971595,1434,0.044,193.837,4367.732558139535,304231.572257653,391979.44525035215,215,211641.40107831344,470.2407573047108,3897.491800834825,25507.789206917118,926960.6419003684,12263.251718308282,4431247.269093091,0.0,33919.33632754761,8137.112403100775,4807061.3592232615,7121,190389,7195.046958855098,10505.742780721668,942.065444245677,470.2407573047108,829,375814.09013016906,13249,27554.97167561121,69185,105,223904.65279662173,5055.5,11242140.0,617.0,120550.9,31.0,139619.25,617.0,5440514.25,0.0,155633317.61000007,11455433830.476398,1488375,465021952518.3865,6515745.1,0,0,1,0.8013110118475008,0
959510,358.0,273.42857142857144,0.0,377411.6606216181,0.0,0.0,1375045.7780473349,1.0,0.0,0.0,,0.0,0.0,258742.5640890856,438.0,0.0,45.0,0.0,230542.60754153843,1.0,3078.0,207984.452515369,424.0,0.0,28000.0,224442.7525548193,0.0,43489.1553112753,0.0,0.0,3,169526.7822681656,105.8353101861836,6106,77,34498.7,47676.07105486437,680575.3,12996.04385119398,204380.51969971595,1434,0.044,194.444,3410.386851520572,304231.572257653,391979.44525035215,113,211641.40107831344,438.2826475849732,2972.1042039356003,23640.89519976148,926960.6419003684,12263.251718308282,4431247.269093091,0.0,33919.33632754761,3900.659660107335,4807061.3592232615,7121,190389,3428.8349731663693,10505.742780721668,471.8246869409661,438.2826475849732,797,375814.09013016906,13249,25262.00059630293,69185,92,223904.65279662173,2532.0,11242140.0,617.0,120550.9,16.0,96383.25,617.0,5440514.25,0.0,155633317.61000007,11455433830.476398,1488375,465021952518.3865,6515745.1,0,0,1,0.7862661710330382,0
959522,156.5,273.42857142857144,0.0,377411.6606216181,0.0,0.0,1375045.7780473349,1.0,0.0,0.0,,0.0,0.0,258742.5640890856,438.0,0.0,45.0,0.0,230542.60754153843,1.0,3078.0,207984.452515369,424.0,0.0,28000.0,224442.7525548193,0.0,43489.1553112753,0.0,0.0,3,169526.7822681656,105.8353101861836,6106,77,34498.7,47676.07105486437,680575.3,12996.04385119398,204380.51969971595,1434,0.044,193.297,3967.277877161599,304231.572257653,391979.44525035215,337,211641.40107831344,213.36463923673227,3753.913237924866,29491.65175909362,926960.6419003684,12263.251718308282,4431247.269093091,0.0,33919.33632754761,12708.706022659517,4807061.3592232615,7121,190389,11435.599284436496,10505.742780721668,1273.1067382230171,213.36463923673227,947,375814.09013016906,13249,31917.20706618964,69185,110,223904.65279662173,6832.0,11242140.0,617.0,120550.9,42.0,142644.25,617.0,5440514.25,0.0,155633317.61000007,11455433830.476398,1488375,465021952518.3865,6515745.1,0,0,1,0.7736096705959602,0
959697,145.0,273.42857142857144,0.0,377411.6606216181,0.0,0.0,1375045.7780473349,1.0,0.0,0.0,,0.0,0.0,258742.5640890856,438.0,0.0,45.0,0.0,230542.60754153843,1.0,3078.0,207984.452515369,424.0,0.0,28000.0,224442.7525548193,0.0,43489.1553112753,0.0,0.0,3,169526.7822681656,105.8353101861836,6106,77,34498.7,47676.07105486437,680575.3,12996.04385119398,204380.51969971595,1434,0.044,194.392,1099.9925462134763,304231.572257653,391979.44525035215,44,211641.40107831344,67.27042337507454,1032.722122838402,23640.89519976148,926960.6419003684,12263.251718308282,4431247.269093091,0.0,33919.33632754761,1099.9925462134763,4807061.3592232615,7121,190389,1032.722122838402,10505.742780721668,67.27042337507454,67.27042337507454,797,375814.09013016906,13249,25262.00059630293,69185,44,223904.65279662173,361.0,11242140.0,617.0,120550.9,5.0,1882.25,617.0,5440514.25,0.0,155633317.61000007,11455433830.476398,1488375,465021952518.3865,6515745.1,0,0,1,0.763903772503814,0
959701,461.0,273.42857142857144,0.0,377411.6606216181,0.0,0.0,1375045.7780473349,1.0,0.0,0.0,,0.0,0.0,258742.5640890856,438.0,0.0,45.0,0.0,230542.60754153843,1.0,3078.0,207984.452515369,424.0,0.0,28000.0,224442.7525548193,0.0,43489.1553112753,0.0,0.0,3,169526.7822681656,105.8353101861836,6106,77,34498.7,47676.07105486437,680575.3,12996.04385119398,204380.51969971595,1434,0.044,193.925,4025.6969290399534,304231.572257653,391979.44525035215,435,211641.40107831344,588.56961836613,3437.127310673823,32262.037865235536,926960.6419003684,12263.251718308282,4431247.269093091,0.0,33919.33632754761,17041.312611806807,4807061.3592232615,7121,190389,15179.636255217652,10505.742780721668,1819.935152057245,546.8284138342278,1005,375814.09013016906,13249,35239.732409063814,69185,89,223904.65279662173,9766.5,11242140.0,617.0,120550.9,55.0,397240.75,617.0,5440514.25,0.0,155633317.61000007,11455433830.476398,1488375,465021952518.3865,6515745.1,0,0,1,0.8412274490588274,0
959748,224.0,273.42857142857144,0.0,377411.6606216181,0.0,0.0,1375045.7780473349,1.0,0.0,0.0,,0.0,0.0,258742.5640890856,438.0,0.0,45.0,0.0,230542.60754153843,1.0,3078.0,207984.452515369,424.0,0.0,28000.0,224442.7525548193,0.0,43489.1553112753,0.0,0.0,3,169526.7822681656,105.8353101861836,6106,77,34498.7,47676.07105486437,680575.3,12996.04385119398,204380.51969971595,1434,0.044,194.064,1957.923375074538,304231.572257653,391979.44525035215,64,211641.40107831344,216.34615384615387,1741.5772212283837,23640.89519976148,926960.6419003684,12263.251718308282,4431247.269093091,0.0,33919.33632754761,1987.7385211687536,4807061.3592232615,7121,190389,1741.5772212283837,10505.742780721668,246.1612999403697,216.34615384615387,797,375814.09013016906,13249,25262.00059630293,69185,64,223904.65279662173,1321.0,11242140.0,617.0,120550.9,11.0,81882.25,617.0,5440514.25,0.0,155633317.61000007,11455433830.476398,1488375,465021952518.3865,6515745.1,0,0,1,0.759391555253619,0
959756,100.0,273.42857142857144,0.0,377411.6606216181,0.0,0.0,1375045.7780473349,1.0,0.0,0.0,,0.0,0.0,258742.5640890856,438.0,0.0,45.0,0.0,230542.60754153843,1.0,3078.0,207984.452515369,424.0,0.0,28000.0,224442.7525548193,0.0,43489.1553112753,0.0,0.0,3,169526.7822681656,105.8353101861836,6106,77,34498.7,47676.07105486437,680575.3,12996.04385119398,204380.51969971595,1434,0.044,195.01,39.87775790101372,304231.572257653,391979.44525035215,1,211641.40107831344,29.815146094215866,10.062611806797854,25177.86598091831,926960.6419003684,12263.251718308282,4431247.269093091,0.0,33919.33632754761,39.87775790101372,4807061.3592232615,7121,190389,10.062611806797854,10505.742780721668,29.815146094215866,29.815146094215866,841,375814.09013016906,13249,26765.42933810376,69185,1,223904.65279662173,160.0,11242140.0,617.0,120550.9,2.0,0.0,617.0,5440514.25,0.0,155633317.61000007,11455433830.476398,1488375,465021952518.3865,6515745.1,0,0,1,0.7718856862006211,0
959769,210.0,273.42857142857144,0.0,377411.6606216181,0.0,0.0,1375045.7780473349,1.0,0.0,0.0,,0.0,0.0,258742.5640890856,438.0,0.0,45.0,0.0,230542.60754153843,1.0,3078.0,207984.452515369,424.0,0.0,28000.0,224442.7525548193,0.0,43489.1553112753,0.0,0.0,3,169526.7822681656,105.8353101861836,6106,77,34498.7,47676.07105486437,680575.3,12996.04385119398,204380.51969971595,1434,0.044,193.914,4270.460644007155,304231.572257653,391979.44525035215,223,211641.40107831344,543.9400715563507,3726.5205724508055,26816.208258795465,926960.6419003684,12263.251718308282,4431247.269093091,0.0,33919.33632754761,8585.457662492547,4807061.3592232615,7121,190389,7525.71556350626,10505.742780721668,1059.742098986285,543.9400715563507,873,375814.09013016906,13249,29318.164877757903,69185,100,223904.65279662173,5687.0,11242140.0,617.0,120550.9,34.0,139619.25,617.0,5440514.25,0.0,155633317.61000007,11455433830.476398,1488375,465021952518.3865,6515745.1,0,0,1,0.8034299829733514,0
959829,629.5,274.0,0.0,453915.9205684878,0.0,0.0,1463616.7860659298,1.0,0.0,0.0,0.0,1000.0,0.0,273422.2805158816,459.0,0.0,62.0,0.0,244749.2602046084,1.0,3424.0,218964.5871110401,442.0,0.0,92000.0,230369.8978051234,0.0,44492.23497000904,0.0,0.0,6,175534.517380983,105.8353101861836,7175,126,40768.2,61929.91733897891,666488.56,15526.366871944065,246186.08435650056,1781,0.046,192.465,2316.601239092821,309346.0157994347,463644.5291648281,593,211033.5505542261,232.5624662784424,2084.038772814378,40656.31184527006,993518.7325437126,13217.648944421777,4518868.0022298405,0.0,34220.017563093184,17932.91123969416,4900299.37146,7012,193245,16764.662870552176,11370.553999361491,1106.476174694668,174.51487469534317,1413,381431.3692301578,15269,42723.21216161593,70691,61,224251.19949864785,5943.5,12473173.0,739.0,142061.9,30.0,1077373.25,739.0,6250440.25,0.0,154557106.55000007,16478571845.994797,1477218,466583106863.4332,6939045.040000001,0,0,1,0.7672028010274652,0
961505,131.5,271.57142857142856,0.0,371715.8167805979,0.0,0.0,1186256.9842906147,1.0,0.0,0.0,0.0,0.0,0.0,224119.49304490656,394.0,0.0,12.0,0.0,193775.1218196228,1.0,3741.0,175453.09745393123,390.0,0.0,1000.0,157895.70513053687,0.0,33187.79524811339,0.0,0.0,1,146502.02012193855,105.8353101861836,6402,79,33902.0,51487.6516334594,449191.24,13082.407521289422,182308.5655637488,1490,0.043,178.876,1356.7127501922753,293725.8294769313,380104.83272986754,431,164382.3949497625,79.34870284567336,1277.364047346602,22617.342059121736,750262.4462502425,12523.537501682378,4219605.868014777,0.0,33085.295639281685,18875.258647807677,4583156.70642664,5292,183268,17863.644900004343,10917.849923929642,1011.6137478033276,79.34870284567336,602,363550.8384118608,14869,23837.26147112785,64595,40,176905.93245144488,5420.5,15893448.25,680.0,120329.0,23.0,635349.75,680.0,7915315.0,64.0,159289246.95999998,19685081063.227703,1516004,474971380993.56085,7075629.8100000005,0,0,1,0.705030221176175,0
966100,120.0,8.285714285714286,0.0,109035.24581537412,0.0,1.0,205629.76189333072,0.0,0.0,0.0,0.0,1000.0,0.0,58991.8869799697,108.0,0.0,21.0,0.0,58991.8869799697,0.0,3270.0,58991.8869799697,108.0,377.025975750906,386000.0,40704.21661961208,0.0,20489.27341608497,1.0,0.0,24,58991.8869799697,0.0,6462,107,18831.0,21630.312470350284,251578.8,5780.747897023744,82088.3845253644,1637,0.048,70.686,1202.4466656720874,15604.463793970071,155267.95521014233,706,81437.12142483488,82.79874682977771,1119.6479188423095,18632.27829965167,265486.2416813352,5293.761860673797,265486.2416813352,0.0,321.2663305188321,9469.38309008706,282786.240007752,6807,21733,8705.240281269495,4914.097611619141,716.0873774362449,82.79874682977771,1522,17299.998326416953,13287,19871.428777599434,21733,97,86730.8832855087,3844.0,2229061.6001,679.0,47261.98,44.0,98100.0,679.0,1472534.0,2.0,3082178624.750003,510446161407.0468,33049010,5773275644283.682,277781430.1,0,0,1,0.73646665176246,0
971267,408.5,271.85714285714283,0.0,348897.3320908221,0.0,0.0,1204879.6140203376,1.0,0.0,0.0,0.0,0.0,0.0,231385.25613066487,395.0,0.0,13.0,0.0,201772.30248455916,1.0,3688.0,181294.6042003199,389.0,0.0,1000.0,179207.76125614418,0.0,41610.181239922334,0.0,0.0,1,153622.01346057787,105.8353101861836,6386,66,38938.0,58714.32986231315,585846.74,12755.583292370784,186834.11309202708,1624,0.043,176.763,2253.967358604092,295395.12164831616,385999.58545853465,282,211907.082041007,172.79632972322506,2081.1710288808667,35076.49625003863,789573.3391941091,14441.91302653288,4267130.5551060205,0.0,33196.15872056252,10239.899143632963,4632599.769042738,6793,184769,9725.9856203016,12587.14209531444,437.3867483614463,96.26955475330928,1118,365469.2139367112,14748,36652.126884687386,65720,60,226348.99506753983,4640.0,15163429.5,666.0,118740.5,32.0,116964.25,666.0,8113828.25,48.0,159151688.94000003,19545752502.626102,1511127,475178004527.9893,7110544.769999999,0,0,1,0.7029306781352902,0
971293,110.0,272.42857142857144,0.0,333832.8814455781,0.0,0.0,1264524.930210361,1.0,0.0,0.0,,0.0,0.0,242080.0665147046,412.0,0.0,27.0,0.0,213373.69875813776,1.0,3257.0,191990.91475958028,403.0,0.0,23000.0,212553.99373059368,0.0,47029.0026374114,0.0,0.0,2,160808.48404292727,105.8353101861836,5882,75,43478.0,57460.81424335857,671336.74,11269.980433302224,181575.3410843037,1742,0.043,181.636,3226.643760153872,298807.0989310324,364640.9717351502,99,223724.15919893648,342.85074041567856,2883.793019738194,16579.24221769901,839941.5742539108,14351.596474069993,4326078.928902932,0.0,33229.77153825033,3502.642340946015,4695195.433450405,7453,186882,3103.7702377173164,13041.303041800056,161.90173852962596,105.8803757166066,585,369116.5045474678,13320,17450.094302627396,67165,89,238075.7556730064,867.0,10014951.25,605.0,110112.5,6.0,70075.0,605.0,7973789.75,52.0,157684055.02,10066142229.2642,1504038,469439400877.34735,6552086.94,0,0,1,0.743077538358146,0
972529,291.0,48.0,0.0,675.6482889068092,0.0,0.0,8623.4533576255,0.0,0.0,0.0,0.0,0.0,0.0,4453.764698224197,34.0,0.0,1.0,0.0,4453.764698224197,0.0,290.0,4301.829005051391,34.0,0.0,0.0,147.29681681232103,0.0,809.496377521009,0.0,0.0,0,2153.283402740509,0.0,2808,111,4184.650000000001,11187.757414768512,58595.780000000006,1058.263313201804,14206.47322449593,1985,0.059,27.366,1186.2120658837998,10680.45851958434,31597.31995121188,2567,25323.43207751464,74.5709288693279,1111.6411370144715,13489.195258290509,74494.89089524366,2568.777649275408,128865.68571965372,0.0,692.562322250499,12429.603505602438,141792.77149964124,4950,31184,11424.047202629206,1771.1044861872506,825.2791605004708,74.5709288693279,3242,12927.085779987498,6799,14513.638190891674,31184,300,27892.209726790064,4294.01,549916.321,432.0,11605.85,149.0,602731.2601,432.0,943773.02,2.0,430548697.27000016,24701032659.857697,12839132,408766346898.437,31450706.790000007,0,1,0,0.7267517147737579,0
979423,777.5,273.42857142857144,0.0,377411.6606216181,0.0,0.0,1375045.7780473349,1.0,0.0,0.0,,0.0,0.0,258742.5640890856,438.0,0.0,45.0,0.0,230542.60754153843,1.0,3078.0,207984.452515369,424.0,0.0,28000.0,224442.7525548193,0.0,43489.1553112753,0.0,0.0,3,169526.7822681656,105.8353101861836,6106,77,34498.7,47676.07105486437,680575.3,12996.04385119398,204380.51969971595,1434,0.044,194.444,3302.4001192605847,304231.572257653,391979.44525035215,107,211641.40107831344,438.2826475849732,2864.1174716756123,23640.89519976148,926960.6419003684,12263.251718308282,4431247.269093091,0.0,33919.33632754761,3633.348240906381,4807061.3592232615,7121,190389,3161.5235539654154,10505.742780721668,471.8246869409661,438.2826475849732,797,375814.09013016906,13249,25262.00059630293,69185,92,223904.65279662173,2532.0,11242140.0,617.0,120550.9,16.0,96383.25,617.0,5440514.25,0.0,155633317.61000007,11455433830.476398,1488375,465021952518.3865,6515745.1,0,0,1,0.7951481285434319,0
984641,173.0,268.1428571428572,0.0,310413.0725747336,0.0,0.0,927219.4590465724,1.0,0.0,0.0,0.0,0.0,0.0,175188.6701626896,361.0,0.0,43.0,0.0,146926.64353885775,1.0,3678.0,130636.63554108524,361.0,0.0,1000.0,186830.49441935556,0.0,44442.380896856754,0.0,0.0,1,109253.85154252774,105.8353101861836,5985,104,36147.5,48491.21872578389,492721.0,10532.651036614849,153374.31949140044,1853,0.039,161.272,1889.621516912532,276947.37243588304,316627.6609351973,759,169540.910818821,223.51363433169425,1666.1078825808377,44613.334912170285,558375.0043158465,11101.68716364303,3941844.286328858,0.0,31218.51884225972,19191.91828522395,4285902.250110963,7241,172682,16992.977610044138,9667.66007477602,2176.96183447054,201.53479362241097,1973,344057.96378210466,13814,48367.54195336264,57911,71,180642.597982464,11640.0,14257386.0,564.0,88832.5,59.0,599062.0,564.0,10059607.0,645.0,167061867.06000006,19707404447.513603,1570011,494249075051.812,6973205.42,0,0,1,0.7268629561587012,0
984836,110.0,269.42857142857144,0.0,337351.9957398358,0.0,0.0,1021963.6148534388,1.0,0.0,0.0,,0.0,0.0,194928.31195157772,380.0,0.0,40.0,0.0,165361.1583553549,1.0,3931.0,150068.3836636226,380.0,0.0,1000.0,197047.8635244316,0.0,48702.92746423954,0.0,0.0,1,127418.3758333138,105.8353101861836,6383,42,31988.5,24907.796748435496,496305.5,10910.051792160955,163559.37899044642,1034,0.039,157.317,2813.7515439607737,281729.23733956605,344391.48821272474,180,171970.17212073927,438.4848598270764,2375.2666841336977,16219.164261080834,637896.1651248339,10301.525762724505,4039267.823842736,0.0,31439.88626108328,4196.95325073923,4389000.037282292,7689,177140,3666.7664782722622,9271.583993194196,530.1867724669687,438.4848598270764,746,349732.2134395528,14960,16649.391842539368,60512,108,182271.69788346376,2833.0,12630635.5,619.0,96591.5,13.0,192637.0,619.0,8356993.0,716.0,164372443.48,19781046439.967804,1550670,486479339147.90393,7502352.12,0,0,1,0.7066178977553897,0
985087,157.0,269.42857142857144,0.0,337351.9957398358,0.0,0.0,1021963.6148534388,1.0,0.0,0.0,,0.0,0.0,194928.31195157772,380.0,0.0,40.0,0.0,165361.1583553549,1.0,3931.0,150068.3836636226,380.0,0.0,1000.0,197047.8635244316,0.0,48702.92746423954,0.0,0.0,1,127418.3758333138,105.8353101861836,6383,42,31988.5,24907.796748435496,496305.5,10910.051792160955,163559.37899044642,1034,0.039,,345.09862634277806,281729.23733956605,344391.48821272474,22,171970.17212073927,0.0,345.09862634277806,15565.963827167809,637896.1651248339,10301.525762724505,4039267.823842736,0.0,31439.88626108328,345.09862634277806,4389000.037282292,7689,177140,345.09862634277806,9271.583993194196,0.0,0.0,703,349732.2134395528,14960,15963.905748970108,60512,22,182271.69788346376,0.0,12630635.5,619.0,96591.5,0.0,0.0,619.0,8356993.0,716.0,164372443.48,19781046439.967804,1550670,486479339147.90393,7502352.12,0,0,1,0.706255453364214,0
